-73.45502436879121,-102.70282675331246
-73.45499093548581,-102.70272856148986
-73.45494809032016,-102.70262956430986
-73.45491037533343,-102.70254261862421
-73.45487728948183,-102.7024848456815
-73.45485772574249,-102.70246286040435
-73.45486030770702,-102.7024701850487
-73.4548789880125,-102.70249525177307
-73.4549006822652,-102.70253074333013
-73.45491843111472,-102.7025679632656
-73.45492989245727,-102.7025952458262
-73.45493488924699,-102.70260450251584
-73.45493190894351,-102.70259436036928
-73.45492246737885,-102.70257547013885
-73.45491394198109,-102.70256005644517
-73.4549416031048,-102.70255606338128
-73.45514125176672,-102.70271816096047
-73.45533210909724,-102.70294955524956
-73.45534185715938,-102.70299252360809
-73.45534168088996,-102.70299509454412
-73.45522230514415,-102.70278824195594
-73.45511754833237,-102.70261091641247
-73.45504040367751,-102.70247677740446
-73.45497418053635,-102.70236508374282
-73.45501108133914,-102.70239351010909
-73.45513706896406,-102.70259899436128
-73.45525222895527,-102.70279316711488
-73.45536440192792,-102.70294217286497
-73.45531287466827,-102.70287393244048
-73.45525065808296,-102.70278183662191
-73.45528314224676,-102.70278403384803
-73.45531685473247,-102.7028389271619
-73.45554034494351,-102.70305215346264
-73.45589244040849,-102.70337136559334
-73.45596065697762,-102.70352575981218
-73.45609500282403,-102.70387709548618
-73.45667473976319,-102.70458443034934
-73.45757019787426,-102.70555309008198
-73.45871986091983,-102.70688471017394
-73.45987772131627,-102.7083025764508
-73.46113698108405,-102.7099460840129
-73.46267857156052,-102.71205807887998
-73.46539224190742,-102.71497549917571
-73.47618664696986,-102.72700015919959
-73.48942192166786,-102.74309805520635
-73.50541921939849,-102.76336879446188
-73.52402801132666,-102.78694899652156
-73.54774942580401,-102.81662093201044
-73.57412236096407,-102.84969180213044
-73.60119236957594,-102.8838483366673
-73.63362126459019,-102.92433677452644
-73.67052283920091,-102.97085189210581
-73.70822319478964,-103.01917785106922
-73.74959507211065,-103.07234175076783
-73.7928086877765,-103.12791006987592
-73.83786616620017,-103.18551948020686
-73.88806662669921,-103.24948833798324
-73.9405971312066,-103.31683590572706
-73.99332794032136,-103.38508146089727
-74.0485921763247,-103.45679431298228
-74.10670672771309,-103.53213545292022
-74.16695172914591,-103.61022539178634
-74.22839804926406,-103.69012927669836
-74.29244501870097,-103.77375979874678
-74.35908020208107,-103.86113685954216
-74.42704014893452,-103.95054168153051
-74.49733182659779,-104.04319728572315
-74.56912340333585,-104.13810446270244
-74.64353397611195,-104.23679039727813
-74.71859417257618,-104.33686216743278
-74.79706425391926,-104.44182445190243
-74.87616161305769,-104.54806702874976
-74.9575938866007,-104.6578129548319
-75.04038709726323,-104.76985461259393
-75.12588103428139,-104.8859413714383
-75.21043417181289,-105.00081544418236
-75.29963291954046,-105.1223221422219
-75.391888560156,-105.24907662994643
-75.48224818641451,-105.37372982391608
-75.57712647046797,-105.5048361343882
-75.67480912639336,-105.64069238382447
-75.77055927364816,-105.7742087644834
-75.87072885933726,-105.91437135242609
-75.97468121613082,-106.06117171528642
-76.08004141799957,-106.21123189155317
-76.18613844664974,-106.36321354424616
-76.29433014676044,-106.51876218748937
-76.4045997336246,-106.6779518520185
-76.51596317338112,-106.83960453751051
-76.62872932575617,-107.00413541822923
-76.7435203266319,-107.17228005183624
-76.85996771395509,-107.34350539099003
-76.97775734816817,-107.51742865377348
-77.09722869231886,-107.69456664203473
-77.21848081376972,-107.87511234793668
-77.34123994498502,-108.05872283887739
-77.46554158890848,-108.24543269604283
-77.59160726198955,-108.43553724463472
-77.71938815047274,-108.62898674442829
-77.84877224995718,-108.82564224753665
-77.97984812966529,-109.02562489039659
-78.11269909223905,-109.22904550936427
-78.24727610501945,-109.43583771504744
-78.38357047830817,-109.64599265048736
-78.52165314178026,-109.85961035137511
-78.66154685874,-110.07672399535655
-78.803236106906,-110.29731179413156
-78.94675069881397,-110.52141239966676
-79.092135155524,-110.74908386572886
-79.23940070368684,-110.98033758450562
-79.38855805440036,-111.21518368505907
-79.53964130997626,-111.45366285261846
-79.69268843746603,-111.6958022174136
-79.84771841232373,-111.94161698126241
-80.0047449753513,-112.19114062150815
-80.16379004012299,-112.4444151001297
-80.32487683839531,-112.7014690354378
-80.48803478015301,-112.96232178842436
-80.65330288993815,-113.22699681327678
-80.82072006058635,-113.49552018656473
-80.99031885531632,-113.7679168536126
-81.16213129288307,-114.04421202952676
-81.33620269909784,-114.3244273555066
-81.51255602010447,-114.60860489921737
-81.69120851312495,-114.89679088973583
-81.87219501794881,-115.18902150360083
-82.05556651798689,-115.48532266305915
-82.24137910613427,-115.78571736129729
-82.42968602750358,-116.0902353036237
-82.62053548795778,-116.39891546710084
-82.81397132054202,-116.71180131878842
-83.01003303423867,-117.02894167702837
-83.20875472156733,-117.35039134958734
-83.41016460353495,-117.67621041415485
-83.6142856870675,-118.0064618169557
-83.82113689173583,-118.34121061192945
-84.03073603031764,-118.68053091814475
-84.243106248728,-119.02451004724975
-84.45826946438129,-119.37323804663616
-84.67624183224981,-119.72680897332452
-84.89703091648722,-120.0853171760285
-85.1206537212776,-120.44884887472408
-85.34711402161578,-120.8174990552192
-85.57639352893383,-121.19138326464295
-85.80847575527409,-121.57061736795569
-86.04335487885463,-121.95531135221347
-86.2810372836128,-122.34556867585715
-86.52154030864928,-122.74148716225837
-86.76490914023628,-123.14315878443207
-87.01115128927562,-123.55069500992822
-87.26027474585416,-123.96420775123573
-87.51232251168246,-124.38378067190796
-87.76735720152901,-124.80944072428547
-88.02544665491975,-125.24117076907932
-88.28666930307854,-125.67895078389988
-88.55111146127474,-126.1227653199634
-88.81885086245074,-126.57259062023695
-89.08995053847939,-127.02839348207328
-89.36444517028887,-127.4901180291092
-89.64231225483148,-127.95765385550442
-89.9234023644737,-128.43070847319143
-90.20736847366679,-128.90868320745204
-90.49342811033846,-129.39027624780687
-90.77995398490123,-129.87277567990776
-91.06538707999356,-130.3535353302647
-91.34967762251797,-130.8324817407595
-91.63343728415153,-131.31068450666427
-91.9165653209686,-131.78800394013172
-92.1987047989831,-132.26391554401258
-92.47987482246205,-132.73857894520148
-92.7601556933439,-133.21225217655945
-93.03943229497915,-133.6848392952352
-93.31763252208076,-134.15630777751076
-93.59481234946193,-134.6268391587793
-93.87098800690055,-135.09654072172287
-94.14611037141225,-135.5653982089235
-94.42015906271287,-136.03343121579806
-94.69314440993068,-136.5006939282388
-94.9650645205963,-136.96719989097392
-95.23590938201991,-137.43294450414152
-95.50568559611193,-137.89795322228676
-95.7744200337972,-138.3622597372759
-96.04215063523009,-138.82588250161984
-96.30891833930951,-139.28883606938857
-96.57475467274814,-139.75113889040557
-96.83967285870641,-140.21280815226206
-97.1036939251143,-140.67385382710947
-97.36684825136138,-141.13428238151624
-97.629163334919,-141.59410584222223
-97.89066721859314,-142.0533510169038
-98.1513830875301,-142.51204876789217
-98.41132694694562,-142.97022265510572
-98.67051317915207,-143.4278918646105
-98.92895713087032,-143.8850781035067
-99.18667425745001,-144.3418118490907
-99.44368295524608,-144.79814362872307
-99.69999150607947,-145.2541189032294
-99.95559984638206,-145.70977122321335
-100.21050278608585,-146.1651248765731
-100.46469683872486,-146.62019692785984
-100.7181793387559,-147.0750018687384
-100.97094701496017,-147.52955429850527
-101.22299562077616,-147.98387124572557
-101.47431800110314,-148.4379723841282
-101.72490489328625,-148.89187956302922
-101.9747536742592,-149.345611848543
-102.22386576864687,-149.7991849606261
-102.47224806452765,-150.25261092394211
-102.71991394392269,-150.70589884700536
-102.9668806494611,-151.15905447336823
-103.21316842290425,-151.61208009524063
-103.45880036594716,-152.0649755022529
-103.70380268837161,-152.51773872364308
-103.94820394639473,-152.9703679128583
-104.19203276015783,-153.42286312713736
-104.43531620490042,-153.87522469186905
-104.67807933235096,-154.327451980003
-104.92033612922121,-154.77954967594198
-105.1621079482442,-155.2315162816144
-105.40342478122108,-155.68334422742618
-105.64431570178208,-156.13502707469345
-105.88479947003746,-156.58656419786016
-106.12487906177225,-157.03796213152984
-106.36454401928015,-157.48923686370924
-106.60380538486105,-157.94039193377603
-106.84268077408271,-158.39142643364897
-107.08118078614402,-158.84234260746098
-107.3193035885912,-159.293145513491
-107.55704106011008,-159.74384313603028
-107.79438358893107,-160.19444680347942
-108.03132209129474,-160.64496803958005
-108.26784900449944,-161.09541725341072
-108.50395798119604,-161.5458028139723
-108.7396438371903,-161.9961285657021
-108.97490341498498,-162.44639670566323
-109.20973266301468,-162.89661092930322
-109.44412254007617,-163.34678430011456
-109.67806104085462,-163.79693636130017
-109.91155442503828,-164.24707198025368
-110.14461222125054,-164.69718987166874
-110.37723827834638,-165.1472935854453
-110.60942687075176,-165.59739072001798
-110.84115829661332,-166.04749892750417
-111.07242057274593,-166.49763385962066
-111.30322872660234,-166.94779169640327
-111.533599208386,-167.3979687125048
-111.76353974688537,-167.8481628536746
-111.99305095984384,-168.29837571609997
-112.22213209149764,-168.74861234246225
-112.45078355543876,-169.19887807797977
-112.67900834768791,-169.64917615136156
-112.90681142931163,-170.09950874032066
-113.13419945857294,-170.54987693624543
-113.3611796869925,-171.0002804103492
-113.58775933798465,-171.45071862952514
-113.81394505711137,-171.90119107638495
-114.03974146959835,-172.35170591854288
-114.26514969606727,-172.8022716993596
-114.49018568700829,-173.25288191131918
-114.71486680929505,-173.70352753273647
-114.93920161984515,-174.1542082137729
-115.1631886185392,-174.6049281168503
-115.38681589686422,-175.05570427123305
-115.61007699286617,-175.50654800301092
-115.83299154708459,-175.9574481803397
-116.05558008053644,-176.4083939719196
-116.27785213455397,-176.85937558009678
-116.49980852014521,-177.3103889012635
-116.72144877712903,-177.76143634696976
-116.94277318566284,-178.2125219629858
-117.16378315764139,-178.66364857698943
-117.38448131153018,-179.11481763348593
-117.60487178325481,-179.56602927906877
-117.82495950783037,-180.01728101091697
-118.04474995416854,-180.46856878245612
-118.26424849505818,-180.91988890994296
-118.48346291562463,-181.3712474971045
-118.70239418991939,-181.82265598482678
-118.92105386213373,-182.27410825372192
-119.13945708184774,-182.72559274619297
-119.35761153764335,-183.1771088077011
-119.57551499593582,-183.6286602195052
-119.79315899190071,-184.0802617194713
-120.01053173559525,-184.5319305559238
-120.22764895902533,-184.9836540270232
-120.44453202686091,-185.435418549521
-120.66119335430744,-185.8872097680531
-120.87764066675858,-186.3390219378449
-121.09387994989544,-186.79085959025656
-121.30991554907462,-187.24272914347517
-121.52575140600028,-187.69463316377093
-121.74139189374597,-188.1465728294442
-121.95683599289974,-188.59855244169978
-122.17207229043602,-189.05058425853426
-122.38707902469794,-189.5026846668288
-122.60182865140624,-189.9548709619297
-122.81629408260206,-190.4071649402135
-123.03044256601656,-190.85959163783238
-123.24424292264821,-191.31216189134605
-123.4576683779936,-191.7648819054837
-123.67069333901453,-192.2177666829222
-123.88328903288132,-192.67083401562837
-124.09542478101422,-193.12410367974542
-124.30706673400533,-193.577604725185
-124.51819991373178,-194.03133901257644
-124.72882428451605,-194.48530204469893
-124.93894095040906,-194.939483619068
-125.14855053327412,-195.39387663816868
-125.35765686454818,-195.8484815716723
-125.56626586767939,-196.30330055801258
-125.77438563134444,-196.75833189461386
-125.98202904701724,-197.2135703058743
-126.18921386263796,-197.6690086807557
-126.39596053819062,-198.12463920926456
-126.6022901528663,-198.58045306317308
-126.8082248371324,-199.03644073883032
-127.01378860562441,-199.49259333811986
-127.2190051961458,-199.94890280855827
-127.42389813797745,-200.4053563601941
-127.62849349026348,-200.8619392192127
-127.83281660647715,-201.31864017306657
-128.0368896084024,-201.77545051501681
-128.24073262912518,-202.2323626136381
-128.44436393032052,-202.6893740480133
-128.64780525008885,-203.14647291093812
-128.85108057676817,-203.60364591021658
-129.05421139639031,-204.060879915198
-129.25721754407732,-204.51816406607307
-129.46011794247974,-204.97549186127847
-129.66293037962842,-205.43285847290008
-129.86567150774707,-205.89025783563872
-130.06835695080994,-206.34768383381385
-130.27100139909408,-206.80513118140047
-130.47361897488275,-207.2625964154079
-130.6762221845519,-207.7200774363962
-130.8788224015119,-208.17757116023552
-131.08142887205855,-208.6350707929727
-131.28404926405406,-209.09256084678003
-131.48669736242948,-209.55003978217118
-131.68938088548205,-210.0075117979185
-131.8921002220661,-210.46497684376843
-132.09485688187297,-210.92243076983834
-132.2976613908102,-211.3798638028994
-132.5005340686364,-211.83724438877337
-132.70348957950415,-212.29456907149978
-132.9065289646745,-212.75185013701363
-133.1096524203451,-213.20910317346798
-133.31286278650865,-213.6663356313525
-133.51616232265155,-214.1235470017924
-133.71955098302703,-214.5807349676719
-133.92302544353916,-215.03789947710035
-134.12657927977088,-215.49504193500263
-134.33020413211094,-215.9521654938614
-134.53389132567835,-216.40927666917372
-134.73763193400035,-216.86638395768526
-134.94141616594808,-217.32349394273243
-135.14523281130246,-217.7806087702921
-135.34906748617644,-218.23771303327823
-135.55292243397832,-218.69481283718056
-135.75679458473516,-219.15192415843245
-135.96066966219607,-219.60905457404084
-136.16453276072795,-220.06620240040422
-136.36838439891628,-220.5233594842293
-136.57224271560995,-220.98047744277852
-136.77612900617174,-221.43754399614875
-136.98004356619668,-221.89458172577056
-137.18398527506045,-222.35162026448756
-137.38795806046645,-222.8086751725738
-137.59197076438048,-223.2657436272727
-137.79603600560088,-223.7228145299098
-138.00016849441286,-224.17987777509475
-138.2043815955886,-224.63692335542683
-138.40868772885136,-225.09394173838587
-138.6130980477542,-225.5509283191554
-138.81761311040805,-226.00788717657008
-139.02222036756584,-226.4648269205865
-139.22689614265383,-226.92175714997293
-139.43160572952016,-227.37867186848052
-139.63632595802767,-227.83558772257263
-139.84102737405797,-228.2925344424169
-140.0456681152543,-228.74953387268707
-140.25020137305174,-229.2065967160345
-140.45459271548256,-229.66373031036287
-140.65882445652005,-230.12090347443316
-140.8628907944607,-230.57810614292453
-141.0667708012457,-231.035370655476
-141.27044427043785,-231.49273734011086
-141.473900266531,-231.95023278533512
-141.6771361676531,-232.40786228903596
-141.88015077174816,-232.86562124060418
-142.08293737720035,-233.32350799507162
-142.28548300499878,-233.78152414642236
-142.4877713564642,-234.23967368092391
-142.6897874887969,-234.69796617637948
-142.89151755294696,-235.15641613765163
-143.09294752827222,-235.6150351517586
-143.29406344209244,-236.0738305621063
-143.49485028368179,-236.53279456662747
-143.69530426044875,-236.99193243952993
-143.89542244933372,-237.45125623284986
-144.09519151245934,-237.9107731488487
-144.2945919238723,-238.3704827899433
-144.49360962853896,-238.8303835631592
-144.6922392666229,-239.29044923419244
-144.89047565465134,-239.7506686118907
-145.08830125860646,-240.21106720625102
-145.28569587503762,-240.671675766155
-145.4826438838723,-241.1325158802989
-145.6791335340587,-241.59359398434486
-145.8751548122773,-242.05490996068067
-146.07069494502292,-242.51646597502616
-146.2657370368706,-242.97826589052545
-146.4602617821413,-243.44031341827588
-146.6542502543256,-243.90261329467072
-146.8476840719804,-244.36517150717327
-147.0405449386176,-244.82799485001067
-147.23281463232945,-245.29108984334917
-147.42447528633195,-245.75445553709176
-147.61551391275702,-246.2180987834679
-147.8059217369176,-246.6820284510262
-147.99569106179706,-247.14624886930883
-148.18481555987435,-247.61075749487867
-148.37329086590407,-248.07555031984316
-148.56111498575368,-248.54061174070074
-148.74828165988336,-249.00593395059542
-148.93478102246567,-249.47152648543945
-149.12060317523677,-249.93740269142535
-149.30573981230566,-250.4035724571059
-149.49018445924392,-250.87003874934857
-149.6739324491092,-251.3368004841404
-149.8569807122034,-251.80385524769778
-150.03932785137079,-252.27120016290604
-150.22097383407728,-252.73883167291518
-150.40191980400886,-253.20674760565274
-150.58216834751116,-253.6749476381042
-150.7617233603911,-254.14343085681688
-150.94058878110005,-254.61219529262897
-151.1187673881553,-255.08123658032125
-151.29626130148046,-255.55055300379394
-151.473071422754,-256.020144998201
-151.64919686460433,-256.4900117912507
-151.82463729990607,-256.96014906483833
-151.99939502759366,-257.4305516634684
-152.1734751054123,-257.9012109634009
-152.34688039599672,-258.37211938138483
-152.51961042561382,-258.8432808810003
-152.69166462962457,-259.3146992301437
-152.86304395713205,-259.78637552078493
-153.03375101287799,-260.2583079972546
-153.20378953654483,-260.7304935061775
-153.37316358733392,-261.202928307567
-153.54187660990743,-261.6756086833026
-153.7099320512703,-262.1485312027859
-153.87733421837365,-262.62169224632476
-154.04408807194528,-263.09508760591
-154.2101985635816,-263.56871422492736
-154.37567055310123,-264.042569315336
-154.54050868840656,-264.51665039437955
-154.70471713807714,-264.9909547296447
-154.8683006061613,-265.4654785781347
-155.03126352650077,-265.94021842017804
-155.19360904754782,-266.41517206571575
-155.3553390172097,-266.89033816838986
-155.51645413636192,-267.365715803225
-155.67695457200682,-267.8413052878813
-155.8368413461085,-268.31710419814834
-155.99611484496216,-268.7931099940178
-156.1547738714311,-269.2693205607924
-156.31281508784915,-269.74573332039523
-156.47023262543826,-270.22234968295163
-156.62701963508914,-270.6991749437544
-156.78316877664506,-271.1762151535888
-156.9386741868901,-271.65347336118816
-157.09353330365792,-272.13094803541435
-157.24774711032398,-272.60862888429
-157.40131757806418,-273.08650044977657
-157.55424707720377,-273.5645501678836
-157.7065370768067,-274.04277265294377
-157.85818806243915,-274.521170355651
-158.0092031074755,-274.99974428771924
-158.15958522653608,-275.4784927033339
-158.3093334719707,-275.9574158097459
-158.45844280367598,-276.43651719139075
-158.60690506367803,-276.91580044488677
-158.75470980470323,-277.395274992876
-158.90185350822622,-277.87493947959035
-159.04833670176657,-278.35478837903617
-159.19416042779488,-278.8348159639416
-159.33932494016844,-279.3150172006372
-159.48383058519045,-279.7953908554075
-159.6276785106778,-280.27593850654205
-159.77087004441216,-280.75666075344964
-159.91340605105506,-281.237556592725
-160.05528693571037,-281.71862500553067
-160.19651202495282,-282.199865077228
-160.3370788037735,-282.68127680178395
-160.47698315279138,-283.1628606824802
-160.6162194169481,-283.64461907381855
-160.75477778427035,-284.1265543250403
-160.89265202499004,-284.60866382718433
-161.02983887921306,-285.090945182195
-161.16633451859286,-285.5734006732887
-161.30213375291197,-286.05603607005656
-161.43723020595502,-286.53885566637814
-161.57161482511574,-287.0218722929782
-161.70529259884037,-287.5050812859911
-161.83827451240555,-287.98847196990977
-161.97056902291652,-288.4720344627715
-162.10217941989097,-288.9557614778086
-162.23310541911022,-289.4396513008993
-162.36334502035598,-289.92370673867737
-162.49289439013606,-290.4079302878941
-162.6217473602455,-290.8923228108701
-162.7498956573734,-291.37688538568267
-162.8773310490271,-291.86161837952517
-163.00404963742767,-292.3465216666386
-163.13005185583197,-292.8315942576396
-163.25534043867498,-293.3168360283794
-163.3799158098166,-293.80224576611187
-163.5037826670288,-294.28781966780224
-163.6269474572472,-294.7735538770411
-163.74941406883687,-295.25944748082924
-163.87118147602393,-295.7455014684579
-163.9922434809313,-296.23171746171823
-164.11258965560316,-296.71810140478715
-164.23221685576448,-297.20465129883235
-164.351120932585,-297.6913655152496
-164.4692920744023,-298.1782438220096
-164.5867174623809,-298.6652867374588
-164.70339097721086,-299.15249414732716
-164.8193136997971,-299.639865079724
-164.93449265937693,-300.12739681923983
-165.04893808503465,-300.61508457544545
-165.1626622621742,-301.1029243531775
-165.27567792178237,-301.5909125698376
-165.38799731007367,-302.07904679021317
-165.4996299859302,-302.5673249048737
-165.6105806462276,-303.0557456904139
-165.72084832729638,-303.5443061899513
-165.83043566627674,-304.0330031138938
-165.9393425384861,-304.5218353523065
-166.0475606529299,-305.0108042938033
-166.15507320645418,-305.4999138602329
-166.26185450459423,-305.9891715379433
-166.36787533639333,-306.4785859139097
-166.47311810472837,-306.9681590848999
-166.57757552926142,-307.45789048978344
-166.6812449482284,-307.94777710072134
-166.78412581346674,-308.4378158106209
-166.886218194565,-308.92800489578036
-166.98752382815465,-309.4183422110313
-167.0880458162429,-309.9088262455274
-167.18778931636587,-310.39945535238576
-167.28675870862688,-310.8902286153626
-167.38495555807268,-311.38114552329006
-167.48237696549103,-311.8722059522597
-167.57901580723833,-312.36340989864215
-167.67485757655328,-312.8547578595266
-167.76989809238947,-313.34624692815987
-167.86414898899812,-313.8378711566239
-167.95762347084207,-314.3296268678606
-168.05032550802133,-314.8215152074026
-168.14224804490578,-315.3135391504289
-168.2333675839067,-315.8057076046447
-168.3236759458154,-316.29802178429367
-168.41317915360827,-316.7904766677678
-168.50187798118924,-317.2830677054189
-168.58976298821526,-317.77579122141253
-168.67682231069216,-318.26864689482846
-168.76304622126045,-318.7616395508898
-168.84842595735606,-319.2547752727267
-168.9329524418056,-319.74805794085364
-169.0166185288738,-320.24148797668374
-169.09941882237752,-320.73505914644176
-169.1813497589956,-321.22875979242474
-169.26240593094258,-321.72258003009784
-169.34257491782586,-322.21651668038186
-169.42183572766135,-322.7105714869844
-169.50017916149812,-323.20474804359316
-169.577599192853,-323.6990480532729
-169.6540868517702,-324.19347352174975
-169.72963040045246,-324.6880265022493
-169.8042143944311,-325.18270928370976
-169.87782364233328,-325.6775264281147
-169.95046707614796,-326.1724736953498
-170.02216108810595,-326.6675456003523
-170.09292028641337,-327.16273547739735
-170.1627539866293,-327.6580382335956
-170.23166919021804,-328.1534515237588
-170.2996740068016,-328.64897376455883
-170.3667780779434,-329.14460313422524
-170.43299321528264,-329.64033688566167
-170.49833215079911,-330.13617190798453
-170.56280778557448,-330.6321044469436
-170.62643254179224,-331.1281307273472
-170.68921881561428,-331.62424796030984
-170.75117436650413,-332.12045420445503
-170.81231037980402,-332.6167418336122
-170.87265139380642,-333.1131003261195
-170.9322253001782,-333.6095212089086
-170.99105566468774,-334.10600039525303
-171.04915640947604,-334.60253678442905
-171.1065237009452,-335.0991438653249
-171.16315903124257,-335.5958288205584
-171.2190748756753,-336.0925987876761
-171.27429254747045,-336.58945511091747
-171.32883020014685,-337.08639216839816
-171.38269648156455,-337.58340606839533
-171.4358950475318,-338.08049508151214
-171.4884272253436,-338.5776590782814
-171.5402942477324,-339.0748981661189
-171.59149919962604,-339.5722118252362
-171.64204794422142,-340.0695962214244
-171.69195018877122,-340.5670441769703
-171.7412175008301,-341.06454914572237
-171.7898616584973,-341.56210707484223
-171.8378921922807,-342.05971482706076
-171.8853196264851,-342.5573705985498
-171.93215600314,-343.05507262833714
-171.97841230487145,-343.5528209113608
-172.02409766061461,-344.05061604897696
-172.06921893486864,-344.548458791265
-172.11377833388156,-345.0463528506228
-172.15778276398936,-345.5442951134825
-172.2012407722795,-346.0422819392431
-172.24415952810764,-346.5403091660049
-172.2865438267048,-347.03837309333437
-172.32839640734676,-347.5364720765207
-172.3697187491183,-348.0346058831489
-172.41051192612207,-348.5327744370483
-172.45077748527228,-349.03097776106705
-172.4905181693015,-349.5292163033211
-172.52973738471545,-350.02749171869607
-172.56843855579612,-350.5258048109885
-172.60662530589838,-351.0241554285607
-172.6443022134746,-351.5225431764121
-172.68147403370432,-352.02096532824885
-172.71814703527824,-352.51941945463517
-172.75432833316148,-353.01790422172706
-172.79002509933264,-353.51642012607175
-172.825243980917,-354.0149676756613
-172.85999034782836,-354.51354848926366
-172.8942672887385,-355.01216407359317
-172.92807849326016,-355.51081222899694
-172.96142695818165,-356.00949068221047
-172.99431412822705,-356.50819706565875
-173.02673943220373,-357.00692983454695
-173.0587006878918,-357.505688928773
-173.09019497944774,-358.0044749597796
-173.1212192229198,-358.5032884136465
-173.15177073838,-359.0021294646833
-173.1818475591621,-359.50099801020184
-173.21144857732457,-359.9998933226705
-173.2405736717679,-360.49881430736815
-173.26922371695946,-360.99775996177294
-173.2973997658667,-361.49672788134126
-173.32510526530714,-361.99572132473855
-173.3523434123577,-362.49474355280864
-173.37911646495922,-362.9937948811739
-173.40542652655833,-363.49287132775453
-173.43127831173032,-363.9919682292584
-173.45668291223964,-364.49107638047974
-173.4816545823171,-364.9901884328904
-173.5061992032948,-365.48930832903363
-173.53031927003676,-365.98844252423
-173.55401845359006,-366.4875953799821
-173.577302260063,-366.9867673919622
-173.6001750325933,-367.4859582258916
-173.6226378946789,-367.9851681992051
-173.6446894541286,-368.48439717883264
-173.66632655623332,-368.9836440295959
-173.68754472982008,-369.48290732837273
-173.7083380276603,-369.98218462266993
-173.72869991704977,-370.4814735707441
-173.74862392721786,-370.98077305957366
-173.76810309543154,-371.4800803018425
-173.78713313936944,-371.97940104419365
-173.80571006885333,-372.47874258898077
-173.8238287425202,-372.9781076994784
-173.8414837340829,-373.4774908469287
-173.85867280547671,-373.9768843464329
-173.8754024270921,-374.47627517518424
-173.89168727600168,-374.97564859769295
-173.9075303759726,-375.4750113918374
-173.92292904191876,-375.97437558867017
-173.9378825356265,-376.473751473596
-173.95239585519562,-376.9731417045722
-173.9664778747452,-377.4725431477269
-173.980138460164,-377.9719514404039
-173.99338765531726,-378.4713626291702
-174.00623534771086,-378.9707744686111
-174.0186905615986,-379.4701877269615
-174.03076122069467,-379.96960744674345
-174.04245480084265,-380.4690384754115
-174.05377897713282,-380.96848255808874
-174.06474081820053,-381.4679345668034
-174.0753498611497,-381.96739855206465
-174.0856123412954,-382.46689026089126
-174.0955230769209,-382.96641702668046
-174.10507008627118,-383.46596903371443
-174.1142435696854,-383.96553073224544
-174.1230442984534,-384.4650822920265
-174.13148938386672,-384.964586045785
-174.13957339375227,-385.46405262170225
-174.14727280360526,-385.9635072591815
-174.15456437105328,-386.46297324167335
-174.16143344395954,-386.96245891271735
-174.16787286928917,-387.461963262206
-174.1738790437834,-387.9614840457634
-174.17945049865983,-388.46101913064706
-174.18458747390807,-388.96056427563553
-174.1892905511571,-389.46011577133254
-174.1935601549602,-389.9596712916223
-174.19739792658072,-390.4592288069757
-174.2008074427337,-390.95878747330215
-174.20379377420576,-391.45834472061534
-174.20636480092634,-391.9578990101456
-174.20853121486408,-392.4574697284817
-174.2102973688677,-392.95706872124447
-174.2116641708876,-393.4566891234744
-174.2126361908625,-393.9563128044349
-174.21322858592816,-394.45592090441284
-174.21347635451153,-394.95546981185606
-174.2134001131417,-395.4549595946503
-174.21299809910406,-395.9544164422041
-174.2122652558373,-396.45386916275066
-174.2112027632069,-396.95333149435095
-174.20981895495794,-397.4528035597169
-174.20812577729845,-397.9522819589334
-174.20613455503693,-398.45176379337187
-174.20385545862032,-398.9512446443469
-174.20129814362537,-399.45072065516496
-174.1984704554011,-399.95019094612405
-174.19537315765965,-400.44965592174464
-174.19199707043063,-400.94911637852994
-174.1883258654588,-401.4485725680397
-174.18433918529007,-401.94801926637143
-174.1800158611442,-402.44746885022363
-174.17532929066186,-402.9469306891758
-174.1702495465022,-403.4464031780021
-174.16474606416244,-403.9458742422213
-174.15879366939245,-404.44533193849395
-174.1523810569315,-404.94474989073944
-174.14550001437922,-405.44411735578694
-174.138127443633,-405.9434499632344
-174.13023864417792,-406.44276782394763
-174.12181699796335,-406.94208396702606
-174.11285601370136,-407.4414000539733
-174.1033557961465,-407.9407111496159
-174.09331979943525,-408.44001181338984
-174.082754094613,-408.93929727528763
-174.07166677991236,-409.4385652339676
-174.0600673593769,-409.9378183663275
-174.0479665459903,-410.43706438306674
-174.03537635778582,-410.936308847275
-174.02231066360153,-411.4355537544417
-174.00878567447393,-411.9347950829538
-173.99481979050998,-412.4340388183921
-173.98042911228748,-412.9332914586177
-173.96562697126325,-413.43255352673407
-173.95042874305307,-413.9318177873616
-173.9348550004398,-414.43107667987886
-173.9189342167971,-414.93031463242886
-173.9026951822031,-415.4295178041282
-173.88615011035836,-415.92869808804835
-173.8693071396929,-416.42787049770635
-173.8521751051186,-416.9270454645472
-173.8347661930064,-417.4262256571232
-173.81709579753024,-417.92540927954775
-173.79918048371536,-418.4245930789259
-173.78103435499156,-418.92377348542186
-173.7626688336016,-419.42294874921566
-173.74409437763666,-419.9221197849783
-173.7253205874218,-420.4212900805089
-173.70635600001634,-420.92046306622495
-173.6872082717169,-421.4196404043805
-173.66788318506238,-421.9188231407912
-173.64838363288663,-422.4180094608805
-173.62871117479582,-422.917196672288
-173.60886608915425,-423.4163832872602
-173.58884597871455,-423.9155706062171
-173.5686456093414,-424.41476031384906
-173.54825842766144,-424.91395467536915
-173.5276773571452,-425.4131574692955
-173.50689901172984,-425.9123658544298
-173.48592107747618,-426.4115768307116
-173.46474119001078,-426.9107873119345
-173.44335674191817,-427.4099947806303
-173.4217653932263,-427.9091990194444
-173.39996542673208,-428.40840154688374
-173.37795625209273,-428.9076034090837
-173.3557385244577,-429.4068045539996
-173.33331404206356,-429.90600465672327
-173.3106857045843,-430.4052028033775
-173.2878572613572,-430.9043975303458
-173.2648329777901,-431.4035878121361
-173.24161751005025,-431.90277415704224
-173.21821596722134,-432.4019551988692
-173.19463502353582,-432.901129377355
-173.17088253827956,-433.4002959477956
-173.14696457937333,-433.8994569718916
-173.12288529772627,-434.39861519059207
-173.09864803978942,-434.89777372094863
-173.07425526356243,-435.3969385142293
-173.04971473814237,-435.8961066518677
-173.02503548641647,-436.39527463637836
-173.000225414288,-436.89443895121127
-172.9752910669516,-437.3935968925609
-172.95023775333618,-437.8927483640885
-172.92507047588808,-438.39189505417005
-172.89979454520417,-438.89103801600896
-172.87441491823074,-439.3901775540624
-172.84893591487466,-439.8893140197454
-172.82336142024786,-440.3884482916242
-172.79769517964982,-440.8875812110036
-172.77194110550707,-441.38671315672093
-172.74610294894958,-441.88584579434973
-172.72018445051597,-442.38497566054946
-172.69419118801633,-442.8840979586544
-172.66813048147787,-443.3832103700668
-172.64200613523016,-443.8823170135287
-172.61581620419076,-444.38142448840733
-172.58955479599834,-444.8805391848502
-172.56321260376978,-445.37967488599423
-172.536789345276,-445.878825604467
-172.5102873814027,-446.3779831286581
-172.4837072685601,-446.87713885397034
-172.45704674304199,-447.37628539646494
-172.4303011977425,-447.8754221909198
-172.4034651809344,-448.37455411451754
-172.3765334037101,-448.87368510571804
-172.34950176532666,-449.3728156992619
-172.32236761382353,-449.87194557092596
-172.29512979647885,-450.37107330188985
-172.26778840211765,-450.87019608963993
-172.2403444020338,-451.3693112188799
-172.21279919453522,-451.8684181749849
-172.1851545230136,-452.3675165946734
-172.15741310283573,-452.86660497940454
-172.12957921156178,-453.3656825777028
-172.10165645870723,-453.8647512130065
-172.073646692052,-454.36381452045543
-172.0455511796251,-454.86287520308167
-172.01736996413868,-455.36194061774586
-171.9891082053414,-455.86100916529443
-171.96077366620935,-456.3600767765766
-171.93237364592045,-456.8591395074037
-171.90391418489676,-457.358193805542
-171.875400005132,-457.85723931007715
-171.8468352528959,-458.35627857917547
-171.81822405230687,-458.8553138646071
-171.78957041546022,-459.3543457713132
-171.7608774241604,-459.8533744406939
-171.73214683086368,-460.35239982253614
-171.70337916039446,-460.8514213622083
-171.67457388984928,-461.3504384080911
-171.64572979519613,-461.8494514755703
-171.6168452731603,-462.3484604996285
-171.58791984352024,-462.84745928212755
-171.55895490267707,-463.3464446125732
-171.5299505991334,-463.84541792920976
-171.50090260848356,-464.34438650335227
-171.47180481566394,-464.843355261524
-171.44264849820829,-465.3423384235435
-171.4134322427421,-465.84133720374746
-171.38416164806625,-466.34034291783104
-171.35484282694367,-466.8393475663365
-171.3254806398046,-467.3383428411892
-171.2960785882299,-467.8373254140337
-171.26663910154903,-468.3362984004636
-171.23716450519052,-468.83526595112056
-171.207657832979,-469.3342293355205
-171.17812227577735,-469.8331890036938
-171.148552952005,-470.3321454724864
-171.11892794244875,-470.83109863990626
-171.08921200723427,-471.3300467779609
-171.05936003957405,-471.82898771144477
-171.02932248671695,-472.3279190761743
-170.99904662730836,-472.8268360400011
-170.9684786882245,-473.3257342156431
-170.93756471204577,-473.8246106589944
-170.90625237226232,-474.32346351464577
-170.87449142734098,-474.8222906899825
-170.8422272432014,-475.3210907498226
-170.80939228632818,-475.8198601715555
-170.7759120625984,-476.31859256986553
-170.74170928339325,-476.8172806965017
-170.70670886040764,-477.3159168616754
-170.67083626187915,-477.8144945051292
-170.63402157377703,-478.3130093562298
-170.59620080992423,-478.81145819265345
-170.55731810812063,-479.30983694045386
-170.51732626477948,-479.80813988719024
-170.47617985822086,-480.30635907400494
-170.433824599872,-480.8044817058462
-170.3902021151212,-481.3024950841272
-170.345252900955,-481.80038852701904
-170.29892082041758,-482.29815477450956
-170.2511563356269,-482.7957806375722
-170.20191349066144,-483.2932549173496
-170.15115191857134,-483.79056950396637
-170.0988420348106,-484.2877228096757
-170.044963920941,-484.7847125857414
-169.98949419401526,-485.28154114682894
-169.93240114415565,-485.77820723786596
-169.87365186227376,-486.2746943365448
-169.8132116389404,-486.77098554703525
-169.75104782555616,-487.2670630628918
-169.68712703180785,-487.76291199887993
-169.62141689584132,-488.2585235544736
-169.55388728518793,-488.75389091014307
-169.48451738882994,-489.2490072526577
-169.41329916849972,-489.74386604000006
-169.34023021489153,-490.238459882758
-169.26529250328207,-490.7327763061754
-169.18844973461978,-491.22679909180135
-169.10965910419972,-491.7205117299381
-169.02888567345877,-492.2139001575339
-168.94609850843554,-492.7069507907253
-168.86126143009523,-493.1996490138944
-168.7743342144929,-493.69197827321983
-168.68528354283143,-494.1839251664574
-168.5940818797534,-494.6754804514646
-168.50070637443267,-495.1666371623276
-168.40512390308132,-495.657385186425
-168.3073071285609,-496.1477008447056
-168.2072268986462,-496.63756350039216
-168.10485123465702,-497.12694859034457
-168.00014225198981,-497.6158331407124
-167.89306539183858,-498.1041932237202
-167.78359590748028,-498.5920070348899
-167.67170544551163,-499.07926816243895
-167.55737142895984,-499.5659561861284
-167.4405650052099,-500.0520507997422
-167.32125949451202,-500.53753079386564
-167.199426051389,-501.02238390473156
-167.07504015502667,-501.50659816361645
-166.948071895082,-501.99014947636965
-166.81848684332329,-502.4730128506149
-166.68625817048746,-502.95515947457477
-166.55135770582794,-503.4365686385823
-166.41375896062186,-503.91721777660666
-166.2734315618808,-504.3970811153594
-166.1303488909729,-504.87613260533436
-165.984487499026,-505.3543471208716
-165.8358234281907,-505.83170381713535
-165.68433141588204,-506.3081751903086
-165.5299847075622,-506.7837318080784
-165.37276080045788,-507.2583450112676
-165.21263598573697,-507.7319876370828
-165.0495845157374,-508.204632883885
-164.88357726069853,-508.67624809923
-164.71458455955295,-509.1467983576223
-164.54257595838547,-509.61624917527195
-164.367517821491,-510.084566166434
-164.18937870198306,-510.5517160574631
-164.0081315215827,-511.0176677707195
-163.82375929292303,-511.48239317858344
-163.6362448499772,-511.9458640637152
-163.44556520359757,-512.4080460423997
-163.25168858356014,-512.8688990723642
-163.05458053919006,-513.3283802322255
-162.85420772396324,-513.7864469831184
-162.65052723579097,-514.2430543151855
-162.44349299653518,-514.6981503908469
-162.23306822982343,-515.151687784617
-162.0192341054493,-515.6036259905524
-161.8019788220969,-516.0539301793489
-161.5812804458823,-516.5025584972918
-161.35710619656965,-516.94945962771
-161.12941931517543,-517.3945805489349
-160.89819331322454,-517.8378675211806
-160.66338235120224,-518.2792571012087
-160.4249267794577,-518.7186678824658
-160.1827745351254,-519.1560117533148
-159.93715501782984,-519.5908320693409
-159.6890005226059,-520.0216054718721
-159.4391228906321,-520.4469184864091
-159.18750409916214,-520.8665926288468
-158.93425097708882,-521.2804011212222
-158.67998360902493,-521.6875578483916
-158.42479214599967,-522.0880156279818
-158.16847326565593,-522.4821452931274
-157.9111853381463,-522.8698521995182
-157.65326720592898,-523.2508022555803
-157.39476789636862,-523.6249463620848
-157.13557198583746,-523.9924887107345
-156.87572160399768,-524.3535557077846
-156.6153405896737,-524.7081746462567
-156.35447986412657,-525.0564288076375
-156.09312205378387,-525.3984627151666
-155.83126362973726,-525.7343937347451
-155.56893478626202,-526.0642751655352
-155.30616696939893,-526.3881350563232
-155.04297703835508,-526.7060218779179
-154.7793460529841,-527.018014293301
-154.5152205342605,-527.3242353881626
-154.25054922639225,-527.6248160740528
-153.9852718821503,-527.919901990514
-153.7188831036864,-528.2100725076324
-153.4512105025948,-528.4956105182805
-153.1825298796017,-528.7763546069052
-152.91269217185445,-529.0524733049051
-152.6413727289673,-529.3242653348016
-152.3685323630482,-529.5917611726303
-152.09418002694156,-529.8549214993102
-151.81818558247306,-530.113832645264
-151.54049869520748,-530.3685666266877
-151.26121145914587,-530.6191023212177
-150.98037895233108,-530.8654204074516
-150.6979797268315,-531.1075174626294
-150.41401430100353,-531.345367029785
-150.12828367364435,-531.5791179343578
-149.84017499362855,-531.8092632996272
-149.54917393671585,-532.0362633435858
-149.25514767669324,-532.2602672585239
-148.95800497851275,-532.4812945302124
-148.65749755253205,-532.6993839530716
-148.35347790359964,-532.9145159265181
-148.04597065423633,-533.1266165285924
-147.73498293576807,-533.3356546914935
-147.4201571937668,-533.5417962483971
-147.1007559664156,-533.745440749243
-146.77625828349693,-533.9468542138297
-146.44656945585118,-534.1460361235842
-146.11165859981972,-534.3429149795166
-145.7713941851636,-534.5374764182984
-145.42567753493506,-534.7296765629048
-145.07448181162113,-534.9194148283673
-144.71776099897264,-535.1065669516994
-144.35545292092414,-535.2910137060445
-143.98757612850935,-535.4726381579151
-143.61427898374885,-535.6513224926194
-143.23570384502133,-535.8269481326626
-142.85188574488552,-535.9993990162701
-142.46281297848054,-536.1685402707277
-142.06852601212108,-536.3342151192803
-141.66910551061721,-536.4962955694422
-141.2646167278321,-536.6547235682399
-140.85505031892518,-536.8094532075628
-140.44039934604135,-536.9603939997236
-140.02068041610784,-537.1074069045865
-139.59590335564434,-537.2503510625673
-139.1660888750501,-537.3891264064843
-138.73128958036423,-537.5236770585888
-138.29152700708607,-537.6539295616312
-137.84682021115546,-537.7797667325917
-137.39718898902348,-537.9010484404923
-136.94268832829647,-538.0176489447305
-136.48339975126783,-538.1294654812131
-136.01939444841372,-538.2364289169396
-135.5507069116369,-538.338442233489
-135.0773740889404,-538.43536809232
-134.59944324597083,-538.5270582209209
-134.11699155657197,-538.6133828912937
-133.6301249976518,-538.6942398849196
-133.13891648671193,-538.7695474834417
-132.64371796938454,-538.8391565596529
-132.14606564188207,-538.9028055517093
-131.6477080850687,-538.9602230638537
-131.14914449289657,-539.011234250901
-130.65033327435611,-539.0558159825489
-130.15163119704957,-539.094010487287
-129.653426283707,-539.1258528678893
-129.15577205440027,-539.1514212203039
-128.6588200984118,-539.1708671214333
-128.16281155085005,-539.1841867274745
-127.66778716571145,-539.1913029504801
-127.17357885760471,-539.1921853651206
-126.68009420941026,-539.1868925923062
-126.18725873657587,-539.1755087833236
-125.69493581020865,-539.1580768838975
-125.20317628082724,-539.1345962790629
-124.71206155715414,-539.1050645147552
-124.22169624294403,-539.0694935707338
-123.73216018041653,-539.0278979354644
-123.24347325899522,-538.9802904579972
-122.75561405323772,-538.9266762803188
-122.26856469128421,-538.8670594160861
-121.78232230086064,-538.8014385464937
-121.29691989339189,-538.7298155475107
-120.81240871194007,-538.6522107855535
-120.32885006518086,-538.5686578682713
-119.84631066233433,-538.4791768221045
-119.36486273191568,-538.3837607272844
-118.88457520501565,-538.2823787941409
-118.40551824426049,-538.1750135693712
-117.92775490949913,-538.0616792364294
-117.4513357550667,-537.9424044574712
-116.9763162794198,-537.8172079658228
-116.50276680237212,-537.6860842376125
-116.0307737002691,-537.5490090132429
-115.56041877180817,-537.4059810946053
-115.0917692908284,-537.2570339055551
-114.62489011804846,-537.1021955799522
-114.1598522971624,-536.9414577514273
-113.69674987863375,-536.7747637615113
-113.23566077220114,-536.6020682427024
-112.7766425095954,-536.4234001493567
-112.3197523951872,-536.2388432433761
-111.86507319548674,-536.0484543621454
-111.41277641103456,-535.8522471553067
-110.96375698646374,-535.6505763649435
-110.51975267711903,-535.4442659467865
-110.08189279128148,-535.2338773516658
-109.65035435849394,-535.0195229610791
-109.2253638966111,-534.8014363255362
-108.80726403937614,-534.5799361447506
-108.39634466071405,-534.355312468577
-107.99306523444315,-534.1280137207048
-107.5971681708289,-533.8980863882271
-107.20833026385077,-533.6655871556873
-106.82670995770268,-533.430840136803
-106.45247522038196,-533.1940404837153
-106.08541464119888,-532.9550781468552
-105.72528417530964,-532.7139424007032
-105.37163833456601,-532.4705592118377
-105.02382313197242,-532.224688397044
-104.6819213626105,-531.9766094359102
-104.34592745146517,-531.726366190727
-104.01548317301415,-531.4736331268924
-103.69040347781458,-531.2183404133717
-103.37065263800577,-530.9606477505602
-103.05599112656715,-530.7005348598283
-102.74610376930029,-530.4378860288978
-102.4408874778015,-530.1727434322055
-102.14028839476686,-529.9050965655947
-101.84385844261459,-529.634478217713
-101.55089081005531,-529.3602035968535
-101.2609218778908,-529.0819085314171
-100.97376767342713,-528.7994603388034
-100.68932799549255,-528.5126846575273
-100.4075808547629,-528.22143168702
-100.1286169883445,-527.9256923884016
-99.85253717015918,-527.625479571613
-99.57924717658757,-527.3205996384411
-99.30844091209799,-527.010620166665
-99.03993597324717,-526.6952701832023
-98.77379341879687,-526.374581565801
-98.51005336679374,-526.0485361614161
-98.24860866204533,-525.7168852727966
-97.98940447177772,-525.3794424547582
-97.73250907426427,-525.0361940298585
-97.47798691915912,-524.6871047388453
-97.22587409777383,-524.3320667077878
-96.9762602854163,-523.9710305442339
-96.72926938216305,-523.6040420219832
-96.48502180692593,-523.2311671988195
-96.24363621272104,-522.8524728857432
-96.00524821243907,-522.468051470452
-95.77000230268429,-522.0779968443958
-95.53804315756473,-521.6823937688861
-95.3095235230023,-521.2813551467323
-95.08457578809892,-520.8749822710269
-94.86331585011378,-520.4633451917631
-94.64585975843721,-520.0465236165667
-94.43232967234702,-519.6246468028022
-94.22282169617651,-519.1978234974581
-94.01740773888675,-518.7661317267439
-93.81619140974524,-518.3297239916625
-93.61931135203487,-517.8888044048012
-93.42687875859237,-517.4434747103824
-93.23907108187359,-516.9940678971932
-93.0564715226559,-516.542179255576
-92.87976596253472,-516.0897170187623
-92.70922701675872,-515.637258972402
-92.54485431736441,-515.1848645995623
-92.38670057521225,-514.7332438708565
-92.2347886219659,-514.2830570908158
-92.08900256912693,-513.8343552325547
-91.94921225694587,-513.3872529689734
-91.81539081388462,-512.9423357207866
-91.68755615613051,-512.5001025058832
-91.56567970000306,-512.0607219987547
-91.44969390683197,-511.6243771466923
-91.33947603787088,-511.19127714651665
-91.234853170577,-510.7614359880269
-91.13561670298198,-510.3347528775038
-91.04153826516622,-509.91112666229606
-90.95239456831813,-509.4904049668726
-90.86797213257141,-509.0723744614838
-90.78807914464322,-508.6568270238588
-90.71254661817707,-508.2435704175066
-90.64123606302128,-507.83240753898446
-90.5740420637228,-507.42316831469
-90.51090034309718,-507.01572997218284
-90.4517699185198,-506.60999295715874
-90.39662717357554,-506.20585492628754
-90.34546755470461,-505.8032333554852
-90.29829052495212,-505.40208199723105
-90.25507751943579,-505.00236989767666
-90.21578571555538,-504.60404107877156
-90.18035648543677,-504.20701351949594
-90.14870471297267,-503.8112339197209
-90.12067663877654,-503.4166894912571
-90.09606678512716,-503.02336242964446
-90.07471110756116,-502.6311835670752
-90.05650663472612,-502.2400725270161
-90.04137866784333,-501.84999503250725
-90.02923660641757,-501.4609377729257
-90.01996997717883,-501.07271471837487
-90.01346069995314,-500.68472899252
-90.00956909979938,-500.2963214708871
-90.00813938232886,-499.9072074403177
-90.00904821420049,-499.51731639781343
-90.01221019447986,-499.1265320920353
-90.0175602767851,-498.7347757962551
-90.02503175335707,-498.3420911993043
-90.03456427244784,-497.94855510824453
-90.0461202857805,-497.554194745216
-90.05970211113483,-497.1586980715339
-90.07535872379331,-496.760730263025
-90.09310459322138,-496.3587908226352
-90.11293093647491,-495.95245124325135
-90.13484906440665,-495.5417711647289
-90.15890333320975,-495.12644244084
-90.18513536694937,-494.7061343050153
-90.2135594497338,-494.2807883781822
-90.24417294694953,-493.85031514669384
-90.27697171413394,-493.41451165648436
-90.31196808076096,-492.97327180021375
-90.34920049319909,-492.5266026710073
-90.38872591478126,-492.07449857108065
-90.43060399767433,-491.6169420429647
-90.4748934960132,-491.1539614841191
-90.52165481640236,-490.6855989815155
-90.57094843293565,-490.2118783964061
-90.62283407953008,-489.7328190106213
-90.67735928173298,-489.24844302519057
-90.73454452766325,-488.7588014622103
-90.79434300892491,-488.26444079686394
-90.85656278969101,-487.76699761792923
-90.92092127562516,-487.2681729435901
-90.98719775485988,-486.76904803560893
-91.05523088939533,-486.2704059686203
-91.12490536791972,-485.7727754351726
-91.19614608952757,-485.27636300348433
-91.26887952206854,-484.78122644816256
-91.34302977789868,-484.2874148065166
-91.41854076834275,-483.79494271288155
-91.49538395121569,-483.3037674631401
-91.57355155074114,-482.8138126014425
-91.6530437471395,-482.32498009080444
-91.733860881756,-481.8371560971994
-91.81600047765384,-481.350227321722
-91.89945320614824,-480.8640921602731
-91.98420508075425,-480.3786567756941
-92.07023664043355,-479.8938366241537
-92.15752222654258,-479.4095585811645
-92.24602999321114,-478.92575634734555
-92.33572218097099,-478.4423683346675
-92.4265541725451,-477.9593378044558
-92.51847351075297,-477.4766114004771
-92.61142081803409,-476.9941397786159
-92.70533345984082,-476.51188072120607
-92.80014884017811,-476.0297982525491
-92.89580905881337,-475.54786052691827
-92.99227252048404,-475.066041017524
-93.08951296546253,-474.58431836498124
-93.18751855230857,-474.10267519599637
-93.28628567203745,-473.6210961578614
-93.3858143723831,-473.1395680575813
-93.48610458662839,-472.6580799006497
-93.58715832442762,-472.17662504952676
-93.6889767487013,-471.69519727290265
-93.79156296835764,-471.2137905494446
-93.89492078839481,-470.7324017331224
-93.9990520107998,-470.2510302325262
-94.10394974048714,-469.76967566341676
-94.20959722357705,-469.2883380103957
-94.31596597820827,-468.8070185208068
-94.42302941132735,-468.3257090747888
-94.53076014128074,-467.8443992668196
-94.6391256085807,-467.36307778115633
-94.74808647270324,-466.8817352807726
-94.857597610504,-466.4003628660923
-94.96760993981123,-465.9189501673809
-95.07807191102226,-465.43748582626915
-95.18893020697716,-464.95595919283124
-95.30013053326185,-464.47436121501266
-95.41161773455299,-463.9926853366641
-95.52333814684592,-463.51092971296384
-95.63525345987686,-463.0290947930588
-95.74734258856807,-462.54718146220364
-95.8595981904201,-462.06519143458854
-95.97201872134913,-461.58312304726496
-96.08461009541031,-461.10097519820744
-96.19738208817266,-460.61875056210044
-96.31034733384244,-460.136456134103
-96.4235185354609,-459.6541001559382
-96.5369055261494,-459.17169274631135
-96.65051120304679,-458.6892438943808
-96.76433966361505,-458.2067549058177
-96.87839289993315,-457.72422371814827
-96.99266771057579,-457.24164670711895
-97.10715326393958,-456.75902070322456
-97.2218325638907,-456.27634431662057
-97.336683452747,-455.79361663095017
-97.45167906838009,-455.3108362053337
-97.56678863806924,-454.8279988031599
-97.68197784278787,-454.34509685098385
-97.79720937271205,-453.86211809917125
-97.91244526532293,-453.3790482090966
-98.02764558860295,-452.8958758176863
-98.14276734640538,-452.4125913383826
-98.25776419768201,-451.92918669209854
-98.3725905589385,-451.44565310770224
-98.48720642673293,-450.9619832018634
-98.60157940744088,-450.47817206101524
-98.7156823014317,-449.9942168031824
-98.82949239164452,-449.51011492879934
-98.94298863151757,-449.0258667992187
-99.05615608688994,-448.5414710819944
-99.16898576165151,-448.05692479783056
-99.28146977294512,-447.57222575634916
-99.39359920639053,-447.087373026478
-99.50536372447293,-446.6023667033364
-99.61675143223368,-446.11720616186983
-99.72774956406984,-445.6318897321111
-99.83834394146785,-445.14641562758635
-99.94851846474197,-444.66078256044284
-100.0582549847297,-444.17498988441025
-100.16753298946593,-443.6890385356887
-100.2763294360342,-443.2029288187344
-100.38461968166871,-442.7166594180254
-100.49237715379853,-442.230228536399
-100.59957324481232,-441.74362903139263
-100.70618092214431,-441.2568524903848
-100.81217397162509,-440.7698935372834
-100.91752545089562,-440.28275069985284
-101.02220555659528,-439.795422754394
-101.12618060506301,-439.3079110240749
-101.22941537410614,-438.82021788436305
-101.33188274155745,-438.33233587112943
-101.43356453839161,-437.8442570649875
-101.53445478426865,-437.3559770824316
-101.63455656928745,-436.8674971515277
-101.73387920084606,-436.3788218415167
-101.83243571099541,-435.88995672132194
-101.93024191815498,-435.4009079233265
-102.02731531087231,-434.911682072045
-102.12367488236671,-434.42228564161866
-102.21933944943127,-433.932724720532
-102.31432590688809,-433.4430047548628
-102.4086474553038,-432.9531301166386
-102.5023123737393,-432.4631055029117
-102.59532178232716,-431.9729334341536
-102.68767430878162,-431.4826113566763
-102.77936565807455,-430.99213735274157
-102.87038844096446,-430.50151331021004
-102.9607308532714,-430.01074217916835
-103.05037382579127,-429.5198266091743
-103.13928955760849,-429.02877409100284
-103.22745409646228,-428.5375798702025
-103.31484464590358,-428.0462349410596
-103.4014374186531,-427.55472945413703
-103.48720740680406,-427.0630566951223
-103.57212809708984,-426.57121393046225
-103.65617242632723,-426.07920045908423
-103.73931589721224,-425.58701691219676
-103.82153590695323,-425.0946634117975
-103.90281106855437,-424.6021381206398
-103.98312793588637,-424.1094362997435
-104.06248498851821,-423.6165528300946
-104.14088991525172,-423.1234876491102
-104.21835491912009,-422.6302448411325
-104.2948927323781,-422.1368308692493
-104.37052190619342,-421.6432472656377
-104.44526551371706,-421.14949741039686
-104.51914919189441,-420.65558948255824
-104.59220001600649,-420.1615342772071
-104.66444191542452,-419.66734101911146
-104.73589214746805,-419.1730246496321
-104.80656796721804,-418.6785889953935
-104.87648677297516,-418.1840313846008
-104.94566304781297,-417.6893482706813
-105.01410528270985,-417.1945393859618
-105.08181700206445,-416.6996070618213
-105.14879890981904,-416.2045529131302
-105.21504885050894,-415.70937725530166
-105.28056197816076,-415.214081159679
-105.34533171956183,-414.71866678931445
-105.40934975204247,-414.2231377346019
-105.47260628991627,-413.72749976194143
-105.53509013888672,-413.23175754496884
-105.59678871997477,-412.73591355085637
-105.65768662925448,-412.23996853639267
-105.71777374191291,-411.74391814437496
-105.77704997909728,-411.2477605263244
-105.8355226183322,-410.75149794197097
-105.893203140591,-410.25513583971906
-105.95010393762337,-409.75868019694195
-106.00623592392238,-409.2621416735089
-106.06161332424065,-408.76552620221827
-106.11625380859637,-408.2688330602831
-106.1701753303849,-407.7720594923205
-106.22339322489235,-407.275204586905
-106.27591947510754,-406.77827050497433
-106.32776399409617,-406.2812596538256
-106.37893414737064,-405.78417375808107
-106.42943454165592,-405.28701462750143
-106.47926769127278,-404.78978451453486
-106.5284343279028,-404.29248609909183
-106.5769336070402,-403.79512353325373
-106.62476251341515,-403.2977005236801
-106.67191496712303,-402.80021922537765
-106.71838164030346,-402.3026802580784
-106.76415136295286,-401.80508161345466
-106.809213212786,-401.30742127894473
-106.85355638469939,-400.80969863781996
-106.89716983952958,-400.3119144660282
-106.94004175757733,-399.8140699405812
-106.98215880718311,-399.3161675262994
-107.02350943787135,-398.8182096569253
-107.06408933802794,-398.32019571305256
-107.10389974296054,-397.8221246964697
-107.14294614152985,-397.3239958649734
-107.1812372008722,-396.825809410733
-107.21878348983189,-396.32756740901004
-107.25559686509948,-395.82927320448425
-107.29169056228761,-395.33093038746074
-107.32707827107888,-394.83254103965686
-107.36177347241502,-394.3341056983421
-107.39578862557248,-393.8356209433185
-107.42913305842004,-393.33708242751084
-107.46181380889867,-392.8384887059627
-107.49383697247995,-392.33984029359067
-107.5252077132924,-391.84113884760706
-107.55592899426635,-391.34238685346793
-107.58600097775579,-390.8435864254862
-107.61542158363453,-390.3447385718404
-107.64418718484231,-389.84584361874334
-107.67229310288009,-389.3469017183223
-107.69973377042237,-388.8479126700276
-107.72650211141146,-388.34887706530475
-107.75259003675183,-387.8497957990176
-107.77798902952313,-387.3506698242994
-107.8026905166228,-386.8515001034512
-107.82668588929064,-386.35228746677535
-107.84996634081769,-385.8530326778375
-107.87252296809878,-385.35373653538346
-107.89434820598122,-384.8543998759632
-107.91543861489663,-384.3550236717353
-107.93579474546198,-383.8556089631894
-107.95542037057646,-383.35615672630564
-107.9743210685507,-382.85666813716557
-107.99250396230407,-382.35714458895245
-108.00997675178937,-381.857587974679
-108.02674801539966,-381.35799959811345
-108.04282685966903,-380.85838064450076
-108.05822276582442,-380.3587325450824
-108.07294472565758,-379.85905716197715
-108.0870005600231,-379.35935621247665
-108.1003959953291,-378.85963192765246
-108.11313547733974,-378.3598860738201
-108.12522224791819,-377.8601190175269
-108.13665877488768,-377.36033093338926
-108.14744634285313,-376.8605222638989
-108.15758462584877,-376.36069422213984
-108.16707219518221,-375.8608478309386
-108.17590677934314,-375.36098350930536
-108.18408546635153,-374.8611016459887
-108.19160493432047,-374.3612032100263
-108.19846148095026,-373.86128976970497
-108.20465104555862,-373.3613642394663
-108.21016941254359,-372.86142990440146
-108.21501202098271,-372.3614893977341
-108.21917394158956,-371.86154443035247
-108.22264911773603,-371.3615953867397
-108.22543319861614,-370.86164149512064
-108.2275230586302,-370.3616827884149
-108.22891637176505,-369.86172056001277
-108.22961078004808,-369.36175672367733
-108.22960299948632,-368.8617936586159
-108.22888873741547,-368.36183510015275
-108.22746476510649,-367.8618815269538
-108.22532645514691,-367.36193219415566
-108.2224673521721,-366.86198622594924
-108.21887962893517,-366.36204394805594
-108.21455484230616,-365.86210656896026
-108.20948477888716,-365.36217533569885
-108.20366196520757,-364.86225152692816
-108.19707963644558,-364.36233653952314
-108.18973161561416,-363.8624317762038
-108.18161218708407,-363.36253878709374
-108.17271650009316,-362.8626596254983
-108.16304100009032,-362.36279625389955
-108.152583506644,-361.8629503151943
-108.14134325443965,-361.36312292178036
-108.12932028083698,-360.8633150712623
-108.11651492437818,-360.3635278255175
-108.10292862058633,-359.8637623557157
-108.08856414798082,-359.36401970706305
-108.07342530063787,-358.8643009270836
-108.05751663916628,-358.36460695031604
-108.04084321744308,-357.86493868571364
-108.02341045112112,-357.3652972874643
-108.00522423500345,-356.8656839014138
-107.98629096215637,-356.3660995406579
-107.96661767829615,-355.8665447993044
-107.94621168286731,-355.3670204286844
-107.92508015500705,-354.8675274737704
-107.90323009034407,-354.3680670116809
-107.88066838261555,-353.8686396615946
-107.85740175202412,-353.36924564514874
-107.83343305636218,-352.86988416872856
-107.80875392099333,-352.3705546280743
-107.78334697603825,-351.8712578884011
-107.7571884995583,-351.37199587731726
-107.73025215843359,-350.8727710882031
-107.70250839281663,-350.37358668678246
-107.67392607350325,-349.8744461384594
-107.64447310969175,-349.37535266796846
-107.61411840473856,-348.87630931138807
-107.58283278034479,-348.37731911572484
-107.5505906529379,-347.87838485003397
-107.51736949017675,-347.3795097104408
-107.483151148275,-346.88069692856766
-107.4479223639159,-346.38194959340444
-107.41167462593916,-345.88327077838596
-107.37440380265586,-345.38466313684626
-107.33611061438121,-344.8861284872695
-107.29679968866245,-344.3876681023005
-107.25647913960911,-343.88928324904026
-107.21516025880472,-343.3909752587763
-107.17285706616644,-342.892746038551
-107.12958673673612,-342.3945982714782
-107.08536913991678,-341.89653415488965
-107.04022540019682,-341.3985547879029
-106.99417234658807,-340.90066041657775
-106.94721184907579,-340.40285200827526
-106.89933267412258,-339.905131890187
-106.85051281707722,-339.40750354295125
-106.8007237924914,-338.90997123949563
-106.74993145468827,-338.4125403883134
-106.69809831680668,-337.9152176413693
-106.64518621265647,-337.4180094195058
-106.59115935079541,-336.9209215197816
-106.53598375002508,-336.42395971598825
-106.47962868698755,-335.92712963644465
-106.42206785527505,-335.43043663131766
-106.36328119109528,-334.9338856690979
-106.30325544541114,-334.4374812498548
-106.24198452322099,-333.9412271947943
-106.17946894739883,-333.4451265763757
-106.11571519500595,-332.9491816801706
-106.0507349734224,-332.45339396301307
-105.9845452038911,-331.9577642386781
-105.91716331174794,-331.46229321144926
-105.84859093926212,-330.96698367733336
-105.77881386200181,-330.4718408488081
-105.70780759814208,-329.97687122779047
-105.63554245896934,-329.48208177637844
-105.56198423694654,-328.98748044039695
-105.48709556434802,-328.49307637844896
-105.41083513757921,-327.9988798548943
-105.33316290478594,-327.504900765182
-105.25404455654414,-327.01114816012563
-105.17345229269799,-326.51763059481925
-105.0913651662104,-326.02435556090546
-105.00777074813098,-325.53132911275617
-104.92266076870044,-325.0385578135152
-104.83601460372796,-324.5460510995918
-104.74779631695318,-324.0538208333472
-104.65795851504697,-323.561880310169
-104.56644870035622,-323.0702428929085
-104.4732133945402,-322.5789200557462
-104.3782012019498,-322.0879243350331
-104.28136302082552,-321.5972700643487
-104.18265429992152,-321.1069724699582
-104.08203777063551,-320.6170471861032
-103.97948463692966,-320.12750895250974
-103.87495577970724,-319.63837439648273
-103.76839774021553,-319.1496631318498
-103.65974737623262,-318.66139735061176
-103.54893841761002,-318.1736006594311
-103.43590624209612,-317.68629758817144
-103.32059463517825,-317.1995120947256
-103.20295541926716,-316.713267528634
-103.08294945427886,-316.2275861371346
-102.96054686315922,-315.742488389323
-102.83572704663332,-315.2579917244575
-102.70846577775313,-314.77411401762845
-102.57872953625996,-314.2908761258659
-102.44648038977928,-313.8083017844174
-102.31168533471848,-313.32641539923367
-102.17431962408982,-312.8452424110826
-102.03436507708265,-312.3648074000305
-101.89180869741867,-311.8851322853354
-101.74663976475163,-311.4062364753824
-101.59884519696489,-310.92813886545105
-101.44841010291593,-310.45085859013966
-101.29532569233446,-309.97441353419265
-101.13959109787476,-309.49882016155374
-100.98120853541388,-309.0240949154763
-100.82017719421151,-308.55025549824023
-100.65648631286417,-308.07732351472936
-100.49010183613969,-307.60532833249187
-100.32095505218176,-307.1343112705363
-100.1489643824078,-306.6643197469691
-99.97406439439305,-306.19539724954
-99.79621376615235,-305.72758039033533
-99.61538567903685,-305.2609010789874
-99.43155223026943,-304.79539144186356
-99.24468708897193,-304.3310830254612
-99.05477188195925,-303.8680051844504
-98.86179381476374,-303.4061863608819
-98.66573307833518,-302.94566053451763
-98.46655613941839,-302.4864711530273
-98.26421304218641,-302.02866711154337
-98.05864982747678,-301.57229653028975
-97.8498164904284,-301.1174061522489
-97.63767388659024,-300.66404159131366
-97.42219379132199,-300.21224771082063
-97.2033620724463,-299.7620704023897
-96.9811675642824,-299.3135587421097
-96.75559541827276,-298.8667611013095
-96.5266226047243,-298.4217244198798
-96.29422393428267,-297.97849021802284
-96.05838025704266,-297.53709738746164
-95.8190816090884,-297.0975840642576
-95.57632234369201,-296.6599884521469
-95.33009817616755,-296.2243487126896
-95.0804102419466,-295.79070152975146
-94.8272661186592,-295.3590806692808
-94.57067541869371,-294.9295181402962
-94.3106427175583,-294.5020478421943
-94.0471657255027,-294.07670704574303
-93.7802404178669,-293.65353365037265
-93.50986708945562,-293.23256219472813
-93.2360521055946,-292.81382559219475
-92.95880513097461,-292.39735657566115
-92.67813663846113,-291.9831884948447
-92.39406017554607,-291.57135298832765
-92.10659377118435,-291.16188038531806
-91.81575057000948,-290.7548037195659
-91.52153858571866,-290.3501587748376
-91.22396393656423,-289.94798201620284
-90.92303287155912,-289.54831068800365
-90.6187518982032,-289.15118042461404
-90.31113425688741,-288.7566231120354
-90.00019695300416,-288.36467263958815
-89.6859576486612,-287.97536275221097
-89.36843321535345,-287.5887277705973
-89.04763926340053,-287.20480229421156
-88.72358993199931,-286.82362083708165
-88.39629813427152,-286.44521866347014
-88.06577350175681,-286.0696347094804
-87.7320226767985,-285.6969117839278
-87.39505594851596,-285.32709091079516
-87.05489205451994,-284.9602069796562
-86.71155420744853,-284.5962917884498
-86.36506262334552,-284.23537940344687
-86.01543228005579,-283.8775082086241
-85.66267660233311,-283.5227176635539
-85.30681202601718,-283.17104507589414
-84.94785226045482,-282.82253216712496
-84.58580351854528,-282.4772295118136
-84.22067208680825,-282.135188033146
-83.85247472139629,-281.7964483219269
-83.48123695257979,-281.46104206878744
-83.10698261663389,-281.12900027252147
-82.729729352288,-280.8003647895016
-82.34949105824043,-280.475183868172
-81.96628422026075,-280.1535041062938
-81.5801248514971,-279.8353735892082
-81.1910216729809,-279.52084955844117
-80.79898149320233,-279.20999258405186
-80.40402173504745,-278.90285160832514
-80.0061704227557,-278.59946328104513
-79.60545598765579,-278.2998642217846
-79.20189980199575,-278.0041016280579
-78.79551976193622,-277.7122302485841
-78.38633497656964,-277.42430485753795
-77.97436262415125,-277.14038406205964
-77.55961270200969,-276.86053708945815
-77.14209980237294,-276.58483056742796
-76.72185089378523,-276.31331643309596
-76.29890354190864,-276.0460307511387
-75.87329569310332,-275.78300562500317
-75.44506042606005,-275.524280565107
-75.01422757939152,-275.26990235096906
-74.58095833879592,-275.0199834115057
-74.14622255066818,-274.7750299930313
-73.71150569757677,-274.5358377488254
-73.27753039040023,-274.30286819520677
-72.8444895422356,-274.0762415432695
-72.41275735179762,-273.8560341087992
-71.98256897557023,-273.642212924593
-71.55383808136413,-273.43460270371406
-71.12654248956513,-273.23302098617904
-70.70075898094184,-273.0372982572177
-70.27635913299,-272.8472245184589
-69.85303858950067,-272.6625826038538
-69.43054197089945,-272.483202283052
-69.00849273474202,-272.30887743065
-68.5861202031426,-272.1392506322266
-68.16264685104899,-271.97393124563285
-67.73767110031268,-271.8126606151669
-67.31099583218672,-271.65530186597414
-66.88242257638964,-271.50176850377426
-66.45183066899442,-271.35200192825346
-66.0191572915578,-271.20595003788753
-65.58393527349051,-271.06345140266365
-65.14529610475417,-270.924226755232
-64.70265638963743,-270.78807042595
-64.25587312459977,-270.6549300933953
-63.80490593653124,-270.5248108716151
-63.34966093741415,-270.3977121991672
-62.89008726292891,-270.27364933476315
-62.42618133373506,-270.15265713961014
-61.95792502906855,-270.03476421753993
-61.48531820760622,-269.9199928324312
-61.00860826250681,-269.8084128105222
-60.52872436471344,-269.7002214226252
-60.046949692782704,-269.59566048575465
-59.5640565628626,-269.49488150476924
-59.080268056704156,-269.3979219196699
-58.595810797237895,-269.3047637414705
-58.11096939015471,-269.2153627969703
-57.62584536393148,-269.129650989774
-57.1404318335973,-269.04755225235215
-56.65478840831795,-268.96898862155757
-56.16898430221479,-268.8938881895064
-55.68300482026752,-268.82218887171354
-55.19680250502169,-268.7538252160355
-54.7103574420191,-268.6887298291216
-54.22365454291918,-268.6268309262344
-53.73666690460858,-268.5680504424748
-53.24937566460186,-268.51231236576683
-52.761774976269194,-268.45955226526996
-52.273859024254264,-268.4097122100836
-51.785620504284395,-268.3627314069064
-51.297057595610504,-268.3185421892211
-50.80817244159617,-268.27707561944584
-50.31896734352017,-268.23826760581966
-49.829447737098924,-268.2020628411807
-49.33962437644758,-268.1684120258633
-48.84950895425431,-268.13726751568225
-48.359111436655425,-268.1085814134817
-47.868441082753236,-268.08230568833574
-47.37750698873297,-268.05839755692193
-46.886317043163864,-268.0368174704556
-46.39487975622892,-268.0175229829812
-45.90320469548294,-268.00046678226977
-45.41130213267285,-267.9856037476119
-44.91918230518839,-267.9728972367228
-44.42685648416496,-267.96232110062084
-43.934335201513576,-267.9538503429331
-43.44162729104145,-267.94745692053755
-42.948741009311185,-267.9431109765052
-42.455685144581025,-267.9407832356246
-41.96246932091021,-267.94044651165024
-41.46910410147132,-267.9420750635837
-40.975599794829634,-267.9456392052142
-40.48196523922863,-267.9511092348023
-39.98820811687821,-267.9584624597059
-39.4943365536794,-267.9676820878889
-39.00035987421631,-267.9787564457297
-38.506289720924656,-267.9916751974971
-38.012140339803814,-268.0064239470733
-37.517925480584246,-268.0229840825265
-37.02365639123723,-268.04133653941665
-36.52933998498948,-268.0614603358671
-36.03498118671963,-268.08333280158934
-35.54058680719922,-268.1069242850173
-35.04616508274995,-268.1322139139765
-34.551723716542995,-268.1591917637146
-34.05726991942615,-268.18785605990723
-33.562810482533436,-268.2182058771148
-33.06834891147013,-268.25024300526076
-32.57389244919877,-268.2839575661178
-32.07944905346653,-268.319332302017
-31.58502610169372,-268.3563449955941
-31.090629762931353,-268.3949655620228
-30.59626447995197,-268.4351617425111
-30.101935965742573,-268.4769186614701
-29.607652132330237,-268.520235265103
-29.113420711809805,-268.56511812508535
-28.619247523466704,-268.61157086271663
-28.12513585811196,-268.65959287532144
-27.63108666107176,-268.7091823853961
-27.137102543221662,-268.760336261744
-26.643187469744316,-268.81304242845204
-26.149344406042857,-268.86727425714776
-25.655576314911425,-268.9229911687661
-25.161885646902913,-268.9801367474332
-24.668273027410347,-269.0386486572365
-24.174736831059107,-269.0984785409511
-23.68127608650819,-269.1595909105479
-23.18788978128783,-269.2219569517785
-22.69457486268003,-269.2855530518956
-22.201334212786545,-269.35035174094287
-21.70817237932848,-269.41632761853765
-21.21509382301269,-269.4834592359344
-20.72210068656583,-269.551718374701
-20.229192170180802,-269.62107031096974
-19.73636706430484,-269.6914809282929
-19.24362503136618,-269.762921960382
-18.750965544760653,-269.8353674305232
-18.258387511056217,-269.90878952752826
-17.765887883058614,-269.98315786059317
-17.27346373591025,-270.05844672183474
-16.781114068650705,-270.13463813196205
-16.288841475707407,-270.2117209060994
-15.796647596454505,-270.28968610803093
-15.304532850077704,-270.36852687767566
-14.81249755287444,-270.448235025794
-14.32054403050977,-270.52880017719315
-13.828674436741906,-270.6102098757109
-13.336892769576973,-270.692448346931
-12.845204033125192,-270.7754949001019
-12.353607268092462,-270.85933262330684
-11.86210019686054,-270.94394267785816
-11.370679254463273,-271.0293030579176
-10.879342140954767,-271.1153876776654
-10.388086088269173,-271.20216757690025
-9.896907097314642,-271.2896118878812
-9.405801111612195,-271.37768835513657
-8.914765635799553,-271.4663683842798
-8.423800140359264,-271.55563104429586
-7.932906953394467,-271.64545997559793
-7.442089249279321,-271.7358421927672
-6.951349299189196,-271.82676787053094
-6.460691413236073,-271.9182307501442
-5.970114540869181,-272.0102258471712
-5.47961261379675,-272.102751551974
-4.989183042643824,-272.19580809973377
-4.4988299340604945,-272.2893950705796
-4.008558649107636,-272.38350789277786
-3.5183776610025173,-272.47813408651194
-3.028299521583375,-272.57325185855956
-2.538317981733741,-272.66885106997506
-2.04842178377533,-272.7649248333797
-1.5585991457400945,-272.86146381909083
-1.0688435426414427,-272.9584528502795
-0.5791526151850799,-273.0558713275952
-0.08952444099771285,-273.1536949584793
0.40004266363264956,-273.2518993673527
0.8895505664002341,-273.35046138777926
1.379002832014465,-273.4493600615976
1.8684057816684048,-273.54857758693197
2.357765887541131,-273.6480988734224
2.8470874125972765,-273.7479100816888
3.336371874131681,-273.84799793385594
3.8256201621587476,-273.9483489683242
4.3148371220487025,-274.0489528053219
4.804025865483258,-274.14980203278265
5.293185455225919,-274.2508892790984
5.782313773886457,-274.35220485234447
6.271408686277137,-274.45373606434697
6.760463041797732,-274.55546553769756
7.24948100136725,-274.6573846416476
7.738469859728617,-274.7594887984221
8.227436721396309,-274.8617728691008
8.716385541836447,-274.96422905804155
9.20531778983277,-275.0668470660551
9.694234415137576,-275.16961547313895
10.183136254872563,-275.2725231342365
10.672024040772216,-275.3755595288643
11.160899021829579,-275.47871441135715
11.649763035963932,-275.581977709326
12.138618050399906,-275.6853395575042
12.627465952382911,-275.78879053014435
13.116308519567827,-275.8923218878512
13.605147243148949,-275.9959263536613
14.093982798835706,-276.09959742180195
14.58281567108173,-276.2033292510805
15.071646528819432,-276.307117211226
15.560476172314072,-276.41095787840436
16.04930514231818,-276.51484870160465
16.53813447732293,-276.6187881292494
17.026964318096518,-276.72277417158267
17.51579431902721,-276.82680452318687
18.004624077641907,-276.9308774316951
18.49345263430162,-277.03499150972704
18.982279369482903,-277.1391459432713
19.471104947581757,-277.2433403796705
19.959930607203695,-277.3475744926204
20.448756913219636,-277.45184760918346
20.937583541542658,-277.556158552134
21.426408665155478,-277.6605054652583
21.91522851480886,-277.7648855861495
22.404039769456574,-277.86929608978477
22.892840801793437,-277.97373476154604
23.381633478249856,-278.07820118614967
23.870418193377343,-278.18269419677847
24.359194983854447,-278.28721072935116
24.84796390352519,-278.3917479732328
25.33672700531646,-278.4963055251855
25.825485710227866,-278.6008840377361
26.31424575763365,-278.7054863535906
26.803008357665995,-278.81011208188113
27.29177052321616,-278.914757227459
27.78052913227937,-279.01941890763635
28.26927996923125,-279.12409780611404
28.758020690297407,-279.2287982913655
29.246751245824882,-279.33352756457066
29.735471533515142,-279.4382940928932
30.224180140017683,-279.5431069528728
30.71287553731914,-279.647975637107
31.201557009121924,-279.7529103497877
31.690225698796002,-279.85792160500296
32.17888185578045,-279.9630189127535
32.667524688913765,-280.06821076811116
33.15615340874347,-280.1735052760301
33.64476518639929,-280.2789090282425
34.13335733482907,-280.38442669155233
34.62192855078339,-280.49006186775426
35.11047940266316,-280.5958175414488
35.59901027972133,-280.70169602007354
36.087523148066325,-280.80769984878987
36.576019193764836,-280.9138300183736
37.06449698658824,-281.02008454877097
37.55295541907437,-281.12646047030194
38.04139317219061,-281.23295441232284
38.5298098196025,-281.33956300070236
39.01820628052133,-281.44628296184595
39.50658390476921,-281.5531108193242
39.99494364074127,-281.660042698859
40.483286367782526,-281.76707455556533
40.9716131461182,-281.874202372273
41.45992540936118,-281.9814224093987
41.94822433906333,-282.0887310081219
42.43651086224707,-282.19612446248175
42.924785963310306,-282.30359918919856
43.41304997264917,-282.4111516425384
43.90130303958937,-282.5187781037363
44.38954559178976,-282.6264750779002
44.87777846501117,-282.73423988019766
45.366001624271235,-282.8420735371932
45.854213104848114,-282.9499874894153
46.34240910102301,-283.0580020148997
46.83058324382318,-283.16614344789156
47.31872837657954,-283.27444141424115
47.80683635570256,-283.3829285627356
48.29489851858978,-283.491639564277
48.782906895055916,-283.60061040003274
49.27085447248675,-283.70987583382237
49.758734424245034,-283.8194688282538
50.246539858059066,-283.92941916878425
50.73426397112748,-284.03975304105325
51.221899258058144,-284.15049206258647
51.709438996224634,-284.2616529781383
52.19687858455023,-284.373247497477
52.68421519968669,-284.4852831451266
53.17144793036267,-284.5977638753276
53.65857736057216,-284.71068980716484
54.145604481055464,-284.8240575362645
54.632530157203526,-284.93786042828157
55.11935569186757,-285.0520887370455
55.60608280263986,-285.16672964896395
56.09271308320823,-285.2817680086086
56.579249973597044,-285.3971885187457
57.065697663558375,-285.5129751535471
57.552060782413875,-285.62911085050763
58.03834395456829,-285.7455777910653
58.524551362393,-285.86235775441816
59.01068681495863,-285.97943241370393
59.496753944485704,-286.0967837727499
59.98275645212739,-286.2143945394464
60.468698217958675,-286.33224832631123
60.954583580610915,-286.4503298646727
61.44041700266368,-286.5686246682418
61.92620246441495,-286.6871187023435
62.41194306117537,-286.8057983794588
62.897641354016244,-286.92465049818577
63.3833009059683,-287.0436642151375
63.86892456623754,-287.1628303455534
64.35451393144258,-287.2821399189437
64.84007022011977,-287.40158320129564
65.32559452183726,-287.5211503103325
65.81108589430275,-287.6408311986293
66.29654626265958,-287.760621395018
66.78197777795185,-287.8805213192731
67.26738171486446,-288.0005342929067
67.75275813779297,-288.12066583653404
68.23810565763114,-288.2409218820542
68.72342152727104,-288.36130907574045
69.20870232014096,-288.4818352894485
69.69394522990717,-288.60250984222705
70.17914841466752,-288.72334278903827
70.66431159174637,-288.8443448412387
71.14943640816955,-288.9655259188952
71.63452323441591,-289.08689420370655
72.11957101817625,-289.20845656448336
72.60457767242156,-289.3302184402197
73.0895422099713,-289.452184453663
73.5744638471521,-289.5743577642693
74.05934144080909,-289.69674028888477
74.54417365853209,-289.81933300614355
75.02895993368007,-289.9421354087681
75.5136988554565,-290.06514432098055
75.99839082676121,-290.18835710811993
76.48303773864767,-290.31177163334024
76.96764141174964,-290.435385167278
77.45220310550447,-290.5591939912166
77.93672363944806,-290.68319362879856
78.4212039563682,-290.80737926664295
78.90564510936797,-290.9317460966678
79.39004799864706,-291.056289409024
79.87441341547257,-291.1810044777235
80.35874192084297,-291.30588634883776
80.84303361357269,-291.4309297753385
81.32728873231865,-291.5561297563125
81.81150781132592,-291.6814817939574
82.29569142411148,-291.8069815199045
82.77984106348607,-291.93262529477715
83.26395812391102,-292.0584101265181
83.7480432522871,-292.18433335711177
84.23209643936357,-292.31039216143773
84.7161177371757,-292.4365833908668
85.20010652881456,-292.5629032390917
85.68406268156546,-292.6893491458438
86.16798730742796,-292.815920032456
86.6518816275158,-292.9426150351383
87.13574606265455,-293.06943299052784
87.61958015530327,-293.19637273451764
88.10338379522531,-293.323436262652
88.58715577767917,-293.45063412725415
89.07089257595635,-293.57798384798167
89.55458808945183,-293.7055073952388
90.03823420834303,-293.8332277342974
90.52181944724599,-293.9611688233933
91.00533166026204,-294.08935691074333
91.48876012990054,-294.2178199886758
91.97209720709735,-294.34658568611917
92.45533737276887,-294.47568081409736
92.9384755895847,-294.6051299050625
93.42150685399122,-294.73495436848117
93.90442636079806,-294.86517155020204
94.38722972691522,-294.9957948087081
94.86991315412533,-295.12683370933706
95.35247385418951,-295.2582947697711
95.83491060045243,-295.3901818684498
96.3172232069812,-295.52249621345476
96.79941250915385,-295.6552363559459
97.28148023638843,-295.78839797436154
97.7634281573927,-295.9219735295518
98.24525802565769,-296.0559531170049
98.72697199821252,-296.19032547577046
99.20857313674364,-296.32507875057274
99.69006533630464,-296.4602007073982
100.17145452739008,-296.595679379978
100.65274676625306,-296.7315026985733
101.13394579473913,-296.86766123272423
101.61505168109203,-297.0041535357717
102.0960623305284,-297.14098550677124
102.57697424270373,-297.2781708639375
103.05778259439403,-297.4157268315876
103.53848082659493,-297.55367246399965
104.01906204704673,-297.6920275838491
104.49951887362478,-297.8308126227457
104.97984268735162,-297.97004734101904
105.46002830632564,-298.1097526927271
105.94007159805744,-298.2499477855127
106.41996897000672,-298.3906492333984
106.89971699498503,-298.5318695545943
107.37931261913168,-298.67361710724185
107.85875380325966,-298.81589617502414
108.33803961178309,-298.95870768623934
108.81716988754987,-299.1020494909117
109.29614498310282,-299.24591678445466
109.77496540395069,-299.39030203379053
110.25363204189206,-299.5351951174882
110.73214689271441,-299.68058358224056
111.21051225559965,-299.8264552456355
111.6887283495477,-299.9728066086614
112.16679377230825,-300.1196467714361
112.64470369323357,-300.2669938683338
113.12245032038015,-300.4148697418447
113.60002449163274,-300.563298372708
114.07741664604892,-300.71230427818955
114.55461442847805,-300.8619115194106
115.03160878434005,-301.0121474376264
115.5083926787779,-301.1630391752139
115.984959833195,-301.31461135814106
116.46130409051008,-301.46688378972675
116.93741991100306,-301.6198709824423
117.41330187780036,-301.77358724465324
117.8889417254662,-301.92805659871857
118.3643281481297,-302.0833108772971
118.83944726160364,-302.23938648547033
119.31428353645039,-302.3963190371883
119.78881890435477,-302.5541445091389
120.26303630608854,-302.71289811488583
120.73692091472118,-302.87261368885333
121.2104607908735,-303.03332120298114
121.68364662589423,-303.19504642103107
122.15646946570627,-303.35781294075053
122.62891649566053,-303.52165289350535
123.10097164918619,-303.68660494706984
123.57261679130927,-303.85271158748094
124.04383327439679,-304.02001333786006
124.51460321339273,-304.18855010453274
124.98491031954777,-304.3583585837272
125.4547396910801,-304.5294718299016
125.92407896912171,-304.7019169713006
126.39291793307082,-304.8757131967248
126.8612468350617,-305.0508741525212
127.32905292865107,-305.22741942987614
127.79632155104248,-305.40537462093374
128.2630372310932,-305.5847690298232
128.729186120233,-305.7656318617998
129.19475794672707,-305.9479899287713
129.65974282257977,-306.1318638683918
130.12413026626695,-306.3172699320138
130.5879102916202,-306.50421961690665
131.05107286705316,-306.69272014424473
131.5136091538637,-306.88277535874823
131.9755134035729,-307.07438363879277
132.4367824225556,-307.2675387590691
132.8974136740911,-307.46223356737596
133.35740379862477,-307.6584648929816
133.81674696305365,-307.8562315765017
134.27543464282158,-308.05553689291133
134.7334530749141,-308.2563967452073
135.19078076958823,-308.4588448222848
135.6473915939743,-308.66292475956647
136.10325989504705,-308.8686777910382
136.5583643759241,-309.0761340056249
137.01268640499617,-309.285316686819
137.46620677372005,-309.4962503531681
137.91890388039067,-309.70896492907866
138.37075643973256,-309.9234901615875
138.82174511332144,-310.13985069152835
139.2718510720004,-310.35806740100674
139.7210525687623,-310.5781627559646
140.1693209923272,-310.8001735748465
140.6166248416327,-311.0241479182047
141.062937088334,-311.25012454784576
141.50823671948015,-311.47812381466986
141.95250644584786,-311.70815234940096
142.39572579059794,-311.9402142009005
142.83786432305465,-312.17432415649586
143.2788905241558,-312.4105047524908
143.71877946095964,-312.6487751327381
144.15751325391693,-312.889150304074
144.5950750687675,-313.13164395219457
145.03144485769974,-313.37627036785454
145.4666018043874,-313.6230425939507
145.90052594474565,-313.8719710452008
146.33320034555365,-314.12305872170054
146.7646106677377,-314.37630344843467
147.19474384326932,-314.63170107685136
147.6235847718521,-314.8892514947106
148.05111478639083,-315.14896105798397
148.47731297765876,-315.41084020577716
148.90215817543893,-315.6748979491027
149.32563232557163,-315.94114053146717
149.74772407298374,-316.2095638820744
150.16842387787796,-316.4801589830447
150.5877195932791,-316.7529179987372
151.005596460462,-317.02783671740156
151.42203863513282,-317.3049101659011
151.83702866125878,-317.58413481743105
152.25055443124975,-317.8655078643959
152.6626028735238,-318.14902982249663
153.07315769667247,-318.43470482253247
153.4822029986775,-318.7225330906263
153.88972572274372,-319.0125090081613
154.29571555077982,-319.304622535617
154.70016237031,-319.59886325794287
155.10305476173554,-319.89522311594095
155.50437911120176,-320.193697520122
155.90412045122247,-320.4942837021598
156.30226253498063,-320.79698055126397
156.69878764457533,-321.1017886475264
157.09367852139286,-321.4087075010522
157.48691904611718,-321.717731606729
157.87849576627414,-322.02885721148067
158.2683995610659,-322.3420765345192
158.6566212360163,-322.65737956761114
159.04314891308596,-322.97475557424696
159.4279675199551,-323.29419725516414
159.81105625947575,-323.6156993300075
160.19238924966044,-323.9392626247434
160.57194792271045,-324.26489097703063
160.94971914881057,-324.59258420326137
161.3256925130308,-324.92233742383115
161.6998572132528,-325.25414182065873
162.0722011953855,-325.58798794559635
162.4427115747191,-325.9238671133015
162.81137273318055,-326.2617736031837
163.17816530824376,-326.6017054384814
163.54306624056647,-326.9436645738059
163.90605149023355,-327.2876540026871
164.26710140074405,-327.63367167739904
164.6262012936641,-327.9817100046303
164.98333769068682,-328.33176014869196
165.33849421671357,-328.68381433459245
165.69165432282327,-329.0378688122441
166.04280456985742,-329.3939171270517
166.39193158159793,-329.7519506498231
166.7390163426586,-330.1119635085297
167.08403157943087,-330.4739572773958
167.42694464843865,-330.8379341894475
167.76773007612005,-331.2038903783568
168.10637792026964,-331.5718155769658
168.44288334603425,-331.9416962970831
168.77723697553665,-332.3135225265331
169.10942204966963,-332.6872878354018
169.43941629914133,-333.0629889219954
169.76719678783346,-333.44062272789006
170.09274042550155,-333.82018583270946
170.4160220292541,-334.2016760163387
170.73701909105438,-334.5850885147022
171.05571228262784,-334.9704151389297
171.3720874363468,-335.3576431184138
171.68613546832154,-335.7467561458384
171.99784856600763,-336.13773745716225
172.30721188714506,-336.5305763793734
172.61420168215335,-336.9252694310689
172.91878645625917,-337.3218182548026
173.22093476155797,-337.720223492057
173.52062795477732,-338.12047498745187
173.81785725061502,-338.5225548449898
174.11261521893846,-338.926444058624
174.4048922290697,-339.33212652479125
174.69467870619744,-339.73958698981113
174.98196615100733,-340.14880955438514
175.26674329538938,-340.55977986781033
175.5489862027327,-340.97249159697895
175.82865768535504,-341.38694672744083
176.1057198112077,-341.80314689212383
176.3801468264845,-342.2210848892086
176.6519265647968,-342.64074437921806
176.92105378976257,-343.0621052944283
177.18752190858595,-343.4851498200803
177.45132379139372,-343.90986075436376
177.712465946296,-344.3362122452819
177.9709791347905,-344.7641633877447
178.226897781076,-345.1936705900392
178.48023610570326,-345.62470282931116
178.73099206829045,-346.05723912977396
178.97916319854963,-346.491259592816
179.22475602312323,-346.92674017837817
179.46778579671573,-347.36365328194927
179.70826897393786,-347.80197128040453
179.94621866779448,-348.2416670571864
180.18164698667886,-348.68271433890783
180.41456912304446,-349.1250857440066
180.64500666871203,-349.56875097368004
180.87298420620274,-350.013678797187
181.0985278174191,-350.45983866475916
181.32166426115086,-350.90720092520314
181.5424220232331,-351.3557372326848
181.76082864292812,-351.80542259182937
181.97691054474123,-352.25623231202655
182.19069237847336,-352.70814175125105
182.4021968083366,-353.1611261824059
182.61144423542694,-353.6151615079777
182.81845396639565,-354.0702247854717
183.02324378808208,-354.5262940255448
183.22583078156111,-354.98334814275887
183.426231805603,-355.4413671817215
183.62446435113227,-355.9003320069026
183.82054633457204,-356.36022362551876
184.01449651129295,-356.8210232039561
184.20633238190666,-357.28271285262093
184.39606941792806,-357.7452741050188
184.58372207938194,-358.2086888101495
184.76930509683405,-358.6729391553918
184.95283380653694,-359.1380079458069
185.13432353114086,-359.6038789078627
185.31378849758846,-360.0705366752516
185.49124116087995,-360.53796670108113
185.66669299417006,-361.0061548714726
185.84015623649196,-361.4750868925443
186.01164460497083,-361.94474807802095
186.18117308159222,-362.4151235678527
186.34875691235294,-362.8861989007149
186.51441076222616,-363.35796008464285
186.6781485220429,-363.8303935434309
186.83998421811404,-364.30348611639437
186.99993269681661,-364.7772239454252
187.15800684576502,-365.2515938545079
187.31421963299505,-365.72658312987005
187.4685837917267,-366.20218008317033
187.6211126483053,-366.67837293466374
187.77182267623357,-367.1551493628274
187.92073346972754,-367.63249641826974
188.06786480960636,-368.1103997760235
188.21323792580245,-368.5888446535372
188.3568751069502,-369.0678161836233
188.49879923053044,-369.547300166384
188.6390319174135,-370.02728374764064
188.7775941584653,-370.50775474942924
188.9145061616555,-370.9887011982323
189.04978803316598,-371.4701111554003
189.1834590093316,-371.95197314032134
189.315537930095,-372.43427611049697
189.44604460123887,-372.91700915085784
189.57500133060827,-373.4001616678566
189.70243293865002,-373.8837227050174
189.82836695056722,-374.3676804231599
189.95283275026932,-374.8520222899749
190.0758622078981,-375.3367349585151
190.19748863031626,-375.82180547282377
190.31774678157197,-376.30722098342085
190.43666933955842,-376.79296921648626
190.55428223700127,-377.2790395007467
190.6706061999111,-377.76542279570845
190.78565875681136,-378.25211028361923
190.89945415227783,-378.7390949596494
191.0120042806979,-379.22637125833324
191.1233221130992,-379.7139333614129
191.233421915169,-380.2017750082757
191.34231970606524,-380.68988924365215
191.45003369302242,-381.17826886452445
191.55658507746443,-381.6669064724664
191.6619961716106,-382.1557945974902
191.76628143803393,-382.64492720362784
191.86944646544305,-383.1342997153974
191.97149094203348,-383.6239077929331
192.07241323876494,-384.1137474257975
192.17221128058517,-384.6038154497428
192.2708839341529,-385.0941094303983
192.36843100324245,-385.5846275832703
192.46485460728533,-386.07536709715936
192.56016228845968,-386.5663236854531
192.65436580646735,-387.0574923894297
192.74746973812807,-387.54887020801027
192.83946943987448,-388.0404557871142
192.93035369642493,-388.5322495786534
193.0201108021732,-389.0242515312297
193.1087319016114,-389.51646036707496
193.19621131148088,-390.0088740500856
193.28254688652143,-390.5014897245966
193.3677417359894,-390.99430400257006
193.45180452547757,-391.4873129029816
193.5347480489931,-391.9805118627011
193.61657720713131,-392.47389763261253
193.69728795143138,-392.9674684468446
193.7768705607993,-393.46122363433375
193.8553154038443,-393.9551630526964
193.9326138886063,-394.4492862015235
194.0087603552045,-394.94359174124645
194.08375410897182,-395.4380781124399
194.15759897891581,-395.9327411156251
194.23030797413494,-396.4275745820591
194.30190612734089,-396.92257139768094
194.37242927630845,-397.4177253654614
194.44191832054224,-397.9130301257003
194.51040510713474,-398.4084818246998
194.57791019395245,-398.9040791423873
194.64445306327698,-399.3998149814407
194.71005275186937,-399.89568173493996
194.77472403456457,-400.3916728416093
194.83847865698652,-400.8877833484141
194.90132585739047,-401.38401081990133
194.9632754223527,-401.88035394311026
195.02434168429284,-402.37681035300454
195.08454630717358,-402.87337601040633
195.14391325886115,-403.3700462369834
195.20246454936662,-403.8668154421323
195.26022109102672,-404.36367784466927
195.31720506565807,-404.8606283936012
195.37343506534629,-405.3576636006024
195.42892273654866,-405.85478142954514
195.48367386582208,-406.3519806385492
195.53769076749418,-406.8492603278023
195.5909740676581,-407.3466195701622
195.64352401239708,-407.84405706395046
195.6953421465596,-408.34157144769193
195.74643216444423,-408.83916164092943
195.7967997593292,-409.336826415323
195.8464527411005,-409.8345639232986
195.89540156743737,-410.3323715169276
195.94366005561582,-410.8302448075861
195.9912448017852,-411.3281796514809
196.0381748077671,-411.8261727654125
196.08447168721403,-412.324221636236
196.13015965273866,-412.8223236349227
196.1752650020542,-413.3204753775007
196.2198104620593,-413.818672517601
196.2638100027176,-414.31691142597964
196.3072705471148,-414.8151896803153
196.35019472310154,-415.3135053851087
196.39258312316335,-415.81185853719205
196.43443354600976,-416.31025014507145
196.47574261148134,-416.80868073622617
196.51650605004303,-417.30714977584154
196.5567200745279,-417.8056564402252
196.59638248507298,-418.3041986900655
196.63549326174058,-418.802774044608
196.67405378482755,-419.30138272571713
196.71206798879547,-419.8000256317601
196.74954270942385,-420.29870350539625
196.7864877995842,-420.7974158708145
196.82291613891067,-421.29616121958475
196.8588431291919,-421.7949375635906
196.8942858645668,-422.2937427225396
196.92926319100073,-422.79257468222613
196.96379552650572,-423.29143186110304
196.9979032495803,-423.7903135910425
197.03160064471692,-424.2892197197811
197.06489391016123,-424.78815023410385
197.09778270302732,-425.2871051159635
197.1302624398798,-425.7860842600676
197.16232560716102,-426.2850876984686
197.1939625230849,-426.78411579813354
197.22516185979458,-427.28316898110614
197.25591155966902,-427.78224757650395
197.28619996629007,-428.2813519297759
197.3160168142788,-428.7804823540011
197.34535399111215,-429.2796390537159
197.37420596100552,-429.77882203957046
197.40257001329422,-430.2780312873072
197.4304464591086,-430.77726706325006
197.45783890245468,-431.27652872463403
197.4847536476563,-431.77581470578536
197.5111995185708,-432.2751228944489
197.53718753349534,-432.77445209821843
197.56273055052193,-433.27380231574637
197.58784303347784,-433.77317616125924
197.61254085318376,-434.27257686803
197.6368408090651,-434.7720053360654
197.66076083727918,-435.2714607599507
197.68431993391854,-435.7709416210073
197.7075351980607,-436.27044653267177
197.73041780005875,-436.76997426753377
197.75297322752513,-437.26952366415094
197.7752029642808,-437.7690937658028
197.79710607663012,-438.26868387004663
197.81867890995255,-438.76829262715285
197.83991391001626,-439.2679210432757
197.86080159061578,-439.76757030906913
197.8813323893792,-440.2672411375616
197.90149741397497,-440.76693366385877
197.92128873385872,-441.2666477498776
197.9406998342225,-441.7663831724858
197.95972586296455,-442.26613971120906
197.97836369627302,-442.7659170398388
197.99661197624138,-443.2657146414525
198.01447116610348,-443.76553149661237
198.03194337172883,-444.26536627971024
198.0490324305405,-444.76521780490424
198.06574409496318,-445.2650850005617
198.08208642895622,-445.7649667503728
198.09806806296612,-446.26486371595723
198.1136978451992,-446.7647762803553
198.12898486568486,-447.26470348814166
198.1439394986981,-447.7646435149157
198.15857360384243,-448.2645945034794
198.17290032027574,-448.76455280230425
198.18693013707778,-449.2645178782931
198.20067258280537,-449.7644910957092
198.21413753302335,-450.2644738406054
198.22733531046575,-450.7644657508303
198.240274439097,-451.2644658813189
198.2529559444375,-451.76447491099805
198.26537264167388,-452.2644946457526
198.27751167337405,-452.76452608772126
198.2893580321706,-453.2645685673049
198.3008961446953,-453.76461887498164
198.31210832479232,-454.2646703264999
198.3229736796602,-454.7647169827904
198.33347057533834,-455.2647556097937
198.34357755452916,-455.7647876893197
198.35327575502612,-456.2648155005567
198.3625488443621,-456.76484028772506
198.37138348734376,-457.264862248205
198.37976939553997,-457.7648822145092
198.38769868827978,-458.2649002727061
198.3951647885488,-458.76491793227126
198.40216494346754,-459.26493546388167
198.40869932886673,-459.7649512582725
198.41477021969095,-460.2649634711339
198.4203814676639,-460.7649703472694
198.42553895053123,-461.26497131778484
198.430250727753,-461.76496656625096
198.4345262844097,-462.2649560762415
198.4383759090321,-462.7649394750048
198.4418101981764,-463.2649167530632
198.4448397508837,-463.7648886855918
198.4474753726819,-464.26485792972494
198.44972780826063,-464.76482657492676
198.45160451532223,-465.26479547088616
198.453106165232,-465.76476590917235
198.45423068521777,-466.26473616895885
198.45497712566268,-466.76470442891997
198.45534237457835,-467.2646696683253
198.45531931566126,-467.76463317966056
198.45489818298682,-468.26459622871664
198.454065870269,-468.7645624189997
198.45281265757743,-469.26453453183234
198.45113396010805,-469.7645093777417
198.44902578204446,-470.26448381929936
198.44648318952503,-470.76445419748507
198.44350103290762,-471.2644185981189
198.44007613234365,-471.76437709413824
198.4362067405932,-472.2643301195178
198.43189247413292,-472.76427724871195
198.4271346383454,-473.26421839033173
198.4219356339609,-473.7641543927376
198.41629793948468,-474.26408833835615
198.41022208726207,-474.76402314483016
198.40370529171034,-475.26395987038615
198.396741025582,-475.76389892312613
198.38931989391696,-476.2638392460224
198.38143509600087,-476.76377888495995
198.37308028169102,-477.2637161160724
198.36424793923902,-477.76365090119475
198.35492950564236,-478.2635836603895
198.34511476673464,-478.76351493697456
198.3347935825631,-479.263446341075
198.32396169687266,-479.7633761598738
198.31261380953708,-480.263302277975
198.30074046977387,-480.76322199057233
198.28832846591814,-481.2631323660002
198.2753622846241,-481.76303214038904
198.26182620329735,-482.26292168629396
198.24770480987553,-482.76280156113614
198.2329842032032,-483.2626713063265
198.21765290006482,-483.7625294126028
198.20170228976795,-484.26237182525267
198.1851238746135,-484.7621922747622
198.16790723923918,-485.26198518860815
198.1500405627761,-485.76174716422895
198.13151198449395,-486.2614775772672
198.11230998524752,-486.76117707517056
198.09242413169596,-487.2608455212802
198.07184509121987,-487.7604818697984
198.05056472430297,-488.2600847322537
198.0285757568133,-488.75965231081244
198.00587106949104,-489.25918268038754
197.98244339483378,-489.75867418537814
197.9582872793039,-490.2581256248834
197.93340019626433,-490.75753606323184
197.907781650607,-491.25690449568356
197.88143182918284,-491.7562298722418
197.85435057417942,-492.2555114315498
197.8265367779467,-492.75474859935366
197.7979878268113,-493.25394054527993
197.76869983628976,-493.7530858864825
197.73866803819539,-494.2521824629975
197.70788602259975,-494.7512269082078
197.6763447449546,-495.2502157211831
197.64403350574833,-495.7491460075342
197.6109456122458,-496.2480167455692
197.57708295048894,-496.74682750219694
197.54244527723088,-497.2455772147551
197.50703277586,-497.74426470318735
197.4708485744523,-498.24288962337135
197.4338989368147,-498.7414518246978
197.39619227035928,-499.2399516245593
197.35773773740226,-499.738391118175
197.31853719757152,-500.2367689949086
197.27859011717194,-500.7350835083103
197.2378959405486,-501.2333319187042
197.1964539280056,-501.73151129118054
197.15426155618232,-502.22961961381543
197.1113138377781,-502.72765570818945
197.06760593210277,-503.22561883735904
197.02313901981026,-503.72350862800863
196.97791955709639,-504.2213249120409
196.93195809222672,-504.7190677712546
196.88526665956763,-505.2167372302653
196.83785869554555,-505.71433337102354
196.78974768613446,-506.2118570846007
196.74095336429968,-506.7093105108856
196.69149253356508,-507.2066920129245
196.64137057667688,-507.7039991884952
196.59059023464508,-508.20123184583684
196.53915496173403,-508.69839298902366
196.487067523845,-509.1954850135032
196.43433376025678,-509.6925184624779
196.3809531205204,-510.1894925778359
196.3269129084275,-510.68640054363834
196.27219868177434,-511.1832349966563
196.21680008903937,-511.67998810934563
196.16071673879105,-512.1766567170481
196.10395574088287,-512.6732427153853
196.046528764603,-513.169749173574
195.98844927422812,-513.6661777796357
195.92973255834627,-514.1625297913384
195.8703945227106,-514.6588068744052
195.81045174173514,-515.1550104727093
195.74991994772245,-515.6511414056749
195.68881355752274,-516.1472006670353
195.6271451435192,-516.6431914622735
195.56493123857675,-517.139113439491
195.50217741172733,-517.6349642755322
195.43888237098193,-518.130741600925
195.37504219052528,-518.6264471820152
195.31065184164655,-519.1220829106938
195.24570419418714,-519.6176542262066
195.1801950362122,-520.1131678575839
195.1141107338749,-520.6086159776593
195.04743298456822,-521.1039904477853
194.9801442891539,-521.599281656714
194.91223334067888,-522.0944829838986
194.84369817229256,-522.5895939429704
194.7745426546931,-523.0846172881706
194.7047743117293,-523.5795548979584
194.6344032271537,-524.0744078879658
194.56344201532514,-524.5691777955875
194.49190432830667,-525.0638674385694
194.41980466111457,-525.5584798439304
194.3471570877582,-526.0530172533709
194.2739745173799,-526.5474810594505
194.20026732587402,-527.0418714984557
194.12604292793654,-527.5361891239081
194.05130679173746,-528.0304344702275
193.97606287291256,-528.5246074061153
193.90031282589968,-529.0187069819987
193.82405491103825,-529.5127317206998
193.74728287291308,-530.0066778733126
193.6699874832344,-530.5005436004334
193.59215848193486,-530.9943278774437
193.51378435377177,-531.4880295752844
193.43485234009796,-531.9816464543969
193.35535071542301,-532.4751758373394
193.27527470819388,-532.9686161918264
193.19462638429852,-533.4619671739123
193.11341317507703,-533.9552292451554
193.03164485387026,-534.4484030390535
192.94933334932253,-534.941489095141
192.86649225699847,-535.4344876619836
192.78313676631376,-535.9273994935356
192.69928237106802,-536.4202256328658
192.6149428521699,-536.912963342049
192.5301250965456,-537.4056173866535
192.44483794320607,-537.8981936869267
192.35909195678994,-538.3906944807729
192.27289907675126,-538.8831174952057
192.18626689062913,-539.3754595028973
192.09919484498477,-539.867707108618
192.01167550547302,-540.3598525289312
191.9237050176679,-540.8519019951876
191.8352789995457,-541.3438646872023
191.74639028457102,-541.8357459521619
191.65702886792684,-542.3275445684219
191.56718233597613,-542.8192567065375
191.47683815548933,-543.3108790463085
191.38598979936683,-543.8024088856998
191.2946374199795,-544.2938440803126
191.2027853856729,-544.7851838574753
191.11044073584773,-545.2764277942938
191.01761296226954,-545.7675762134479
190.92431352371074,-546.2586305795884
190.83055523151992,-546.7495901013536
190.73634693927053,-547.2404569274663
190.64169938192086,-547.7312375044711
190.54662530265588,-548.2219365225463
190.45113990663032,-548.712553809634
190.3552566381977,-549.2030874788812
190.25898302623796,-549.6935309113937
190.16231936053956,-550.1838724505463
190.06526607902742,-550.6741170645097
189.96782407510065,-551.1642736227611
189.86999163985217,-551.6543499617258
189.7717641155413,-552.1443478652867
189.6731348656441,-552.6342645801184
189.5740956674537,-553.1240968574834
189.4746380057927,-553.6138416878008
189.37475327331123,-554.1034957820663
189.27443239702538,-554.5930567797102
189.17366957486396,-555.0825243497128
189.07246616871285,-555.5718997208223
188.97082932458943,-556.0611847347948
188.86877063015672,-556.5503812937897
188.76630328641698,-557.0394910634567
188.66344254556088,-557.5285182561694
188.5602054605235,-558.0174669501391
188.4566110924845,-558.5063402289834
188.35267922593675,-558.9951404919389
188.24842772414962,-559.4838696762368
188.14387153061583,-559.9725259549615
188.03902240373006,-560.4611121190289
187.9338904512896,-560.9496329246033
187.82848364555122,-561.4380932797844
187.7228067391505,-561.9264962324633
187.61686226317204,-562.4148425204673
187.5106510048451,-562.9031314384483
187.40417154242502,-563.3913615378085
187.29742011342685,-563.879531372102
187.19039082298414,-564.3676399721436
187.08307578707627,-564.8556872572667
186.97546572190237,-565.3436743922819
186.86755102725434,-565.8316011081332
186.759321736971,-566.3194656330203
186.65076735634162,-566.8072656535136
186.5418773289,-567.2949976704762
186.43264124887457,-567.7826581904548
186.32304929747292,-568.2702445138908
186.21309366318192,-568.757755085569
186.10277051450177,-569.2451892310054
185.9920795249943,-569.7325472757583
185.88102295666565,-570.2198296538735
185.76960457512536,-570.7070364248033
185.65782993604554,-571.1941680586659
185.54570586648526,-571.6812254618494
185.4332399830987,-572.1682099911951
185.3204401785764,-572.6551231011698
185.20731441825896,-573.1419660531616
185.09387001727927,-573.6287399465728
184.98011323670525,-574.1154460093791
184.866049233832,-574.6020852334914
184.75168187020319,-575.0886592684084
184.63701395558746,-575.5751696209267
184.5220477191454,-576.0616171015694
184.40678475539448,-576.5480018499592
184.29122585735814,-577.0343235939346
184.17537106325187,-577.5205820084431
184.05921974091316,-578.0067766065707
183.94277081309275,-578.4929066587114
183.826022600023,-578.978971380781
183.70897283184286,-579.4649697356705
183.59161894069953,-579.9509003739101
183.47395850122422,-580.4367626780905
183.35598909267432,-580.9225559853302
183.2377081200267,-581.4082795571551
183.11911302775175,-581.8939323394013
183.0002016513966,-582.3795134201263
182.88097229487107,-582.8650221329636
182.76142347849967,-583.3504578993831
182.64155394293252,-583.8358201451956
182.52136278158724,-584.3211082562923
182.40084961927374,-584.806321514328
182.28001551992708,-585.2914595378503
182.1588633817223,-585.7765225352971
182.0373974544199,-586.2615112162161
181.91562292406678,-586.7464266439629
181.79354566894497,-587.231270156492
181.67117216508757,-587.7160431421685
181.54850937106107,-588.2007469646908
181.4255645334399,-588.6853830238298
181.30234495629156,-589.1699526812284
181.17885775487846,-589.6544572382176
181.05510963617536,-590.1388982291159
180.93110698834607,-590.6232772528763
180.80685584340614,-591.1075958258801
180.68236182096248,-591.5918551434909
180.55762996935925,-592.0760561286817
180.43266462855686,-592.5601997429156
180.30746965502018,-593.0442870117488
180.1820486012786,-593.5283187768412
180.05640473963678,-594.0122956491051
179.93054115173777,-594.4962178120662
179.80446098028565,-594.9800848311296
179.67816719936067,-595.4638962821366
179.55166229407777,-595.9476520249524
179.42494838439427,-596.4313527232122
179.2980274964009,-596.9149990202203
179.1709013075288,-597.3985913085745
179.0435711521916,-597.8821297509818
178.9160365543046,-598.3656144577587
178.7882953437991,-598.8490449666797
178.6603440533203,-599.332420857992
178.53217842746042,-599.8157413181451
178.4037936991,-600.2990044369766
178.2751850704879,-600.7822083056003
178.1463478351762,-601.2653507387494
178.01727736608944,-601.7484294841232
177.8879693366524,-602.2314434806525
177.75841993160634,-602.7143924927976
177.62862633031654,-603.1972763695018
177.49858698136285,-603.6800946963629
177.36830168904112,-604.1628464266125
177.23777196442828,-604.6455286088998
177.1070005013742,-605.1281381974895
176.97599082820372,-605.6106734133449
176.84474685968095,-606.0931346118439
176.71327273376053,-606.57552428186
176.58157333497988,-607.0578452157189
176.4496543593395,-607.5400993474835
176.31752160504328,-608.022288099159
176.18517712225088,-608.5044117670934
176.05261777335014,-608.9864690516994
175.91983634571594,-609.4684575109666
175.78682335475654,-609.9503745284985
175.65356807909424,-610.4322174507943
175.5200590827612,-610.9139834932869
175.38628445146398,-611.395669740639
175.25223218129048,-611.8772729288272
175.1178908614635,-612.3587897400396
174.98325059731735,-612.8402171811127
174.8483035896232,-613.3215529815618
174.71304437797892,-613.8027957526743
174.57746987045073,-614.2839452863896
174.4415792235606,-614.7650020968948
174.30537391752594,-615.2459669893129
174.16885802076564,-615.72684166627
174.03203892841333,-616.2076280947931
173.8949246144111,-616.6883274354958
173.75752437582406,-617.168941229849
173.6198491367527,-617.6494730504598
173.48191130063796,-618.1299275435568
173.34372437233986,-618.610310106614
173.2053011436046,-619.0906278138804
173.0666531838178,-619.5708824440053
172.9277903631851,-620.051074892939
172.78872185406726,-620.5312054463568
172.649456666724,-621.0112755033418
172.51000311530711,-621.4912877731908
172.37036918063143,-621.971245281374
172.2305627406459,-622.4511504243085
172.0905911051424,-622.9310054768853
171.9504611396586,-623.4108131092579
171.81017947907696,-623.8905781155939
171.66975263438158,-624.370306340221
171.52918804852183,-624.850002097615
171.3884944946932,-625.329669516118
171.24768393861228,-625.809313244245
171.106767653096,-626.2889335991691
170.96575512660303,-626.7685300178028
170.82465532509923,-627.248105627847
170.68347734077813,-627.7276663741287
170.5422315858568,-628.2072175777955
170.400928786418,-628.6867707580886
170.25958041021286,-629.1663276492097
170.11819719279592,-629.6458872146876
169.97679041232988,-630.1254478643862
169.83537301051857,-630.6050072568393
169.6939569210901,-631.0845667801291
169.55255129200785,-631.5641320143334
169.4111642781555,-632.0437089676625
169.26980379501776,-632.5233011165548
169.12847646028632,-633.002910299078
168.98718893325628,-633.4825348495591
168.8459495859728,-633.9621685898516
168.704766871216,-634.4418058855142
168.5636475327062,-634.9214443170924
168.42259759822096,-635.4010885398826
168.28162198662895,-635.8807419109825
168.140722140425,-636.360405189502
167.99989912287836,-636.8400783566342
167.8591536836236,-637.3197643812838
167.71848708545795,-637.7994651727499
167.57789924279405,-638.2791888837143
167.437389695056,-638.7589366054327
167.29695676085097,-639.2387031692302
167.15659867443577,-639.718483517111
167.0163142326856,-640.198272606306
166.87610149791593,-640.6780694010982
166.7359575378119,-641.1578754921172
166.59587882996325,-641.6376917395226
166.4558613200673,-642.1175172456418
166.31589990532643,-642.5973514767917
166.17598828853698,-643.077195412982
166.03611878987093,-643.5570534325109
165.89628438576116,-644.0369284695872
165.756478920044,-644.5168210038202
165.61669659720823,-644.9967291399604
165.47693157156314,-645.4766507368538
165.3371790930662,-645.9565843665933
165.19743539639592,-646.4365284332024
165.05769694113056,-646.9164809494117
164.9179601611729,-647.396440198339
164.77822151282234,-647.8764035340666
164.6384782948353,-648.3563694779638
164.49872890499935,-648.8363390906223
164.35897235444565,-649.3163133926257
164.219207807337,-649.7962929224038
164.079434565565,-650.27627768464
163.93965219711592,-650.7562670840516
163.7998605874474,-651.2362603272843
163.66005981246573,-651.7162568501985
163.52024990292384,-652.1962566001578
163.3804307447416,-652.6762599306936
163.24060182378636,-653.1562680445855
163.100762550489,-653.6362820336312
162.9609125925185,-654.1163022732167
162.82105181831423,-654.5963262560931
162.68117735552326,-655.0763534151554
162.54128771616396,-655.5563868763606
162.40138389846206,-656.0364283685573
162.261469194732,-656.5164760146849
162.12154631883382,-656.9965274279747
161.98161555007326,-657.476576975299
161.84167550369978,-657.9566166710543
161.70172588189791,-658.4366506867142
161.56176718486475,-658.91668544426
161.42179937332398,-659.3967259848857
161.28182216212832,-659.876772964459
161.14183486860836,-660.356825264651
161.00183655917584,-660.8368824718547
160.86182659936276,-661.3169443367221
160.72180510315653,-661.7970097235399
160.58177276823477,-662.2770773313661
160.44173108760944,-662.7571448942888
160.30168176978665,-663.2372099327185
160.1616261147724,-663.7172707438415
160.02156478438465,-664.197325200324
159.88149533084285,-664.6773734133312
159.7414171964559,-665.1574194404224
159.6013367699191,-665.637467458918
159.46126823793168,-666.1175200100764
159.32122978263013,-666.5975793524455
159.18123996146514,-667.0776454102083
159.04131723494964,-667.5577142548686
158.9014809974271,-668.0377943736886
158.76175236758772,-668.5178980263945
158.62215144095242,-668.9980374495849
158.4826969361531,-669.4782204889756
158.34340618231457,-669.958451860412
158.2042946617604,-670.4387352101401
158.06537543888987,-670.9190731350366
157.9266591789969,-671.3994674933679
157.7881543217874,-671.8799201871889
157.64986719388253,-672.3604330133531
157.51180179360287,-672.8410072279929
157.37395955232606,-673.3216434189559
157.23633968951145,-673.8023403063655
157.0989378062358,-674.2830955394141
156.96174806857522,-674.7639100290157
156.82476533689555,-675.2447841614829
156.68798539722556,-675.7257156633901
156.55140317539565,-676.2067009285694
156.41501124009952,-676.6877346169392
156.27880034959833,-677.1688062545929
156.1427616280113,-677.6499151722342
156.00688626537865,-678.1310637879934
155.87116489064945,-678.6122546602378
155.73558829595808,-679.0934871952787
155.60014718969614,-679.5747585010945
155.4648322988002,-680.0560654306144
155.32963538339354,-680.5374051529765
155.19454919991,-681.0187748892731
155.059566635915,-681.500171964667
154.9246807324913,-681.9815936718305
154.78988504802365,-682.4630372982864
154.65517377461703,-682.9445006774515
154.52054169763738,-683.4259813391305
154.38598210679314,-683.9074752867684
154.25148847602043,-684.3889841324344
154.11705750475062,-684.8705098203411
153.98268868573794,-685.3520517676811
153.8483815485302,-685.8336073713479
153.7141338364747,-686.3151727988687
153.57994216720604,-686.7967371897569
153.44580484467218,-687.2783004439382
153.3117234183546,-687.7598687220884
153.17770107042207,-688.2414497941627
153.04374242352836,-688.7230489320027
152.90985317264423,-689.2046680912758
152.7760397482417,-689.6863079256897
152.64230954483816,-690.1679693309013
152.5086706489675,-690.6496535793987
152.37513115305416,-691.1313627506289
152.2416987048552,-691.613100480064
152.10837987330854,-692.0948713820952
151.97518046926032,-692.5766787463433
151.84210578035453,-693.0585243927693
151.70915991918235,-693.5404076497761
151.57634535640972,-694.0223305073367
151.44366494857414,-694.5042950624578
151.31112205286178,-694.9863018842525
151.178719770036,-695.4683502366877
151.04645949085887,-695.9504389944103
150.9143403740298,-696.4325626170075
150.78236096832734,-696.9147197000292
150.65051999387384,-697.3969132964863
150.51881559621293,-697.879146611919
150.38724535990394,-698.3614211273061
150.2558065598591,-698.8437363204273
150.12449602996327,-699.3260906460723
149.99331046584982,-699.8084823881575
149.8622470819846,-700.2909100400219
149.73130323183153,-700.7733725519181
149.6004759910152,-701.255869455655
149.4697622639056,-701.7384008364861
149.3391590122355,-702.2209665703095
149.20866340464178,-702.7035662041333
149.07827274645317,-703.1861986127288
148.94798447631817,-703.6688631816478
148.8177968263375,-704.1515595941478
148.68770910051637,-704.634287505066
148.55772699749124,-705.1170478670148
148.4278668393569,-705.5998445347695
148.2981534440331,-706.0826830418794
148.16861789632983,-706.5655711890573
148.0392946414516,-707.0485189090915
147.91022088976607,-707.5315366121278
147.7814353114918,-708.014634524173
147.6529774783414,-708.4978223219151
147.52488461689984,-708.9811094345598
147.39719060211624,-709.4645050352398
147.26992565773568,-709.9480169851163
147.14311604712614,-710.4316512960646
147.0167836270903,-710.9154120050581
146.89094673838778,-711.3992999242379
146.76561894716477,-711.8833144497737
146.6408081599816,-712.3674546177313
146.51651624434956,-712.8517173209553
146.39273885096037,-713.336102622016
146.2694692276032,-713.8206122818303
146.14669933870448,-714.3052458357118
146.02442031833402,-714.7899991509044
145.90262077275474,-715.2748665560828
145.78128518579044,-715.7598372548712
145.6603967827691,-716.2448998321391
145.5399399376296,-716.7300538080309
145.41990472139904,-717.2153026706071
145.30029281007288,-717.7006523138889
145.18111602650913,-718.1861076313047
145.0623925329434,-718.6716722677993
144.94414438284662,-719.1573500588166
144.82639812050886,-719.6431459164335
144.70918262245343,-720.129065643416
144.59252808518292,-720.6151163914466
144.47646269934566,-721.101306882274
144.3610117768661,-721.5876452683816
144.2461971415517,-722.0741377482929
144.13203609015423,-722.560785298465
144.01853887492925,-723.0475882994627
143.90571247428042,-723.5345516625898
143.7935614560399,-724.0216781282968
143.68208834226414,-724.5089649896909
143.5712909738964,-724.9964074268113
143.461164940618,-725.4839966509713
143.3517170108751,-725.9717207321125
143.24296841983775,-726.4595889212293
143.13494811462277,-726.947615595438
143.02768620654214,-727.4358146729453
142.92121416596817,-727.9241948917511
142.81556342463017,-728.4127611233948
142.71076554697012,-728.9015175274595
142.60684938413962,-729.3904671374654
142.50384046102963,-729.8796121323655
142.40175950828993,-730.3689546423157
142.30062287821738,-730.8584968187516
142.2004505255028,-731.3482417061095
142.1012745859046,-731.8381945567621
142.00313462241334,-732.3283601263787
141.90607321713796,-732.81874217013
141.81013467153022,-733.3093505009333
141.7153632253321,-733.800193791694
141.62180128063784,-734.2912764191472
141.52949015679707,-734.782600148431
141.43846362752234,-735.2741642714495
141.34874707138783,-735.7659586079841
141.2603696612647,-736.2579866215297
141.17337215123302,-736.7502593520072
141.0878021034133,-737.2427890906572
141.00371024911277,-737.735583733185
140.92114599267165,-738.2286469345546
140.8401570493124,-738.7219809820369
140.76078542192295,-739.2155864310957
140.68306745590922,-739.7094623463142
140.60703176001562,-740.2036068877518
140.53269895846296,-740.6980172223078
140.46008406094825,-741.1926892906234
140.38920392175598,-741.687619493614
140.32007463240464,-742.1828040901516
140.25271030250332,-742.6782376232529
140.18712561769104,-743.1739168356846
140.12333831714778,-743.6698389350839
140.0613696364837,-744.166000046254
140.0012455480781,-744.6623952745323
139.9429953645938,-745.1590200509979
139.88665106470452,-745.6558673250853
139.83225001099478,-746.1529331409987
139.7798232460049,-746.6502159099357
139.72939230169624,-747.1477130854993
139.68097486347733,-747.6454200326431
139.63459411678764,-748.1433301649841
139.5902814227328,-748.641437858685
139.54807507921544,-749.1397390737233
139.50801908583986,-749.6382295467859
139.4701576668285,-750.1369029991082
139.43452828693705,-750.6357503236216
139.40116502822917,-751.1347585090983
139.37010565850866,-751.6339135641638
139.34138976496465,-752.1332019123412
139.31504691845439,-752.632614324821
139.29109599121526,-753.1321420906423
139.26954676151848,-753.6317766036666
139.25041020776771,-754.1315084965855
139.23370590573754,-754.6313291118925
139.21945978543246,-755.1312290973997
139.20769163685705,-755.6311955497299
139.19841628341126,-756.1312134367145
139.19164349223544,-756.6312640369305
139.18738696577987,-757.1313309487717
139.1856655626481,-757.6313985542572
139.18649605957006,-758.1314549076626
139.18989014867188,-758.6314893467835
139.19585835995082,-759.131490781265
139.20441337916563,-759.6314469596623
139.21557275288947,-760.131343324983
139.2293561996254,-760.6311655459608
139.2457792742103,-761.1308978289645
139.26485297160087,-761.6305226823839
139.28658851771272,-762.1300231150248
139.31099885263464,-762.6293812423194
139.33809784105173,-763.1285807417062
139.36789951919096,-763.6276075064997
139.4004111623431,-764.1264493161143
139.43563836914453,-764.6250930988114
139.47358987801692,-765.1235221686736
139.51427987175592,-765.621718882233
139.5577274138806,-766.1196649096761
139.60395254057522,-766.6173390658494
139.65296373022184,-767.114725189271
139.70476532786705,-767.6118077090676
139.7593639884425,-768.1085728977778
139.81676761058077,-768.6050074089833
139.87698392307362,-769.1010952840389
139.94002352280944,-769.5968182789418
140.00590116467464,-770.0921567388798
140.07463745460646,-770.5870918748374
140.1462572812581,-771.0816064103839
140.22078102824926,-771.5756876493047
140.29821812001077,-772.0693223548652
140.37857475081006,-772.5624938733462
140.461861371504,-773.0551823422808
140.54809408945087,-773.5473664818917
140.63728851441886,-774.0390252171535
140.72945866779787,-774.5301372124702
140.82462032005625,-775.0206801270034
140.92279672938602,-775.5106299756651
141.02401600452174,-775.9999603479628
141.1283024676714,-776.4886443170764
141.23566858644259,-776.9766599421971
141.34612215390945,-777.4639868517855
141.45967638938066,-777.9506035507753
141.57634876746357,-778.4364862806892
141.69615905720934,-778.9216088018603
141.81912739533615,-779.4059428234158
141.94528013860958,-779.8894598216228
142.0746529801042,-780.3721285098235
142.20728167931787,-780.8539189388571
142.34318771437614,-781.3348057508839
142.48237945593687,-781.8147650764378
142.62486360343547,-782.2937747415509
142.77065347210774,-782.7718043788544
142.9197798173974,-783.2488161954375
143.07227414470375,-783.7247730017457
143.22816450960514,-784.1996409407118
143.38748396457385,-784.6733850101159
143.550268975087,-785.1459709573448
143.71654448224976,-785.6173629029089
143.8863258425882,-786.0875216316739
144.05962269897216,-786.5564087482716
144.23645215632064,-787.0239837014333
144.41683899897538,-787.4902049877131
144.6008125015469,-787.9550316792512
144.7884004762664,-788.4184204938159
144.97963490994013,-788.8803261769169
145.17454810605497,-789.3406985731854
145.37316465926924,-789.7994862139938
145.57549065427926,-790.256648440428
145.78151909594936,-790.7121455506693
145.99127108216678,-791.1659300774361
146.20477726459217,-791.6179510835788
146.4220664073239,-792.0681616644773
146.64316487526924,-792.5165120196602
146.86810959824737,-792.9629571947171
147.0969333050668,-793.4074427247456
147.32967120101014,-793.8498976165758
147.56635540142253,-794.2902501652324
147.80700997220634,-794.7284301157401
148.05165689582083,-795.1643758333995
148.30031660853325,-795.5980312021084
148.55301210168142,-796.0293371370927
148.80976548206925,-796.4582287641223
149.07059622892632,-796.8846377367689
149.335506546631,-797.3085121095713
149.60447208686114,-797.7298041831539
149.87749813234743,-798.1484452034147
150.1546009230961,-798.5643638063278
150.43579071440305,-798.9775051400558
150.72106815082304,-799.3878146387023
151.01043761471783,-799.7952465202371
151.3038930741557,-800.1997540253362
151.60142682387425,-800.6012612699011
151.903031984241,-800.9996866222765
152.20868327952965,-801.3949581980567
152.5183470889374,-801.7870258447897
152.83198528316083,-802.1758577353997
153.1495568218301,-802.5614271115517
153.47101718596454,-802.9437035399283
153.79631832855839,-803.3226472337238
154.12539007324028,-803.6982627374222
154.45815787236108,-804.0705286744089
154.79460448352057,-804.4393626195723
155.13470484521824,-804.8047066226025
155.47840644057953,-805.1665635707743
155.82563401318555,-805.5249505903446
156.17634517448988,-805.8799044638677
156.5305000358886,-806.231422135455
156.8880379112546,-806.5794619685415
157.24888816810423,-806.9239991797685
157.6129506032974,-807.2650193386247
157.98014109255158,-807.6025215948379
158.3504030057168,-807.9365197915968
158.72368354093416,-808.2670358982142
159.09992278554137,-808.5940903386074
159.47906759015075,-808.9176952255013
159.86106786861018,-809.2378811003794
160.245855662602,-809.5546823293158
160.6333716316645,-809.8680976795321
161.0235579729265,-810.1781236089598
161.41635856205122,-810.4847721491218
161.8117134137182,-810.7880628631003
162.20956912661515,-811.0880282540207
162.60988738930138,-811.3846888710613
163.01261745453735,-811.6780429196976
163.41770060097855,-811.9681143512199
163.82506181117068,-812.2549448397305
164.2346319495174,-812.5385739572249
164.646358414681,-812.8190302300627
165.0601962108387,-813.0963418446304
165.47609836585283,-813.370534021603
165.894031325893,-813.6416326816578
166.31399030394314,-813.9096484722447
166.7359586794161,-814.1745907478331
167.1598984297173,-814.4364820918305
167.58576120264522,-814.6953501451699
168.01349331505813,-814.9512194489937
168.4430430588455,-815.2041132798896
168.87436385491858,-815.4540551504557
169.30740839811008,-815.7010677557732
169.74214724164946,-815.9451592006504
170.17856236307816,-816.1863277888253
170.61662788996983,-816.4245905993835
171.05630893350622,-816.6599739322636
171.49756389570268,-816.8925054532956
171.94035034776343,-817.1222095672981
172.38462974401196,-817.3491067657628
172.8303592481395,-817.5732161373601
173.27750799796024,-817.7945549855737
173.72606223080072,-818.01312178378
174.17601372469517,-818.2288973526732
174.62734455241088,-818.4418930926496
175.08002785565168,-818.6521341685258
175.53402526424094,-818.8596500506443
175.98929440414668,-819.0644690616955
176.4457988076543,-819.2666083125627
176.90349161400064,-819.4660751857037
177.36234822877512,-819.6628882460534
177.82236145188563,-819.8570562713943
178.28353071390922,-820.048583772203
178.74584378748182,-820.2374802603335
179.20927823274948,-820.423755887839
179.67380651151683,-820.607423715551
180.1394004996253,-820.7884979663291
180.60603153979932,-820.966990121223
181.07366677219466,-821.1429151339789
181.54228952356442,-821.3162841729836
182.01188858327356,-821.4870891215188
182.48246190577757,-821.655295087587
182.95400199437296,-821.8209097018681
183.4264907951619,-821.983959990964
183.89989341327723,-822.1444838379156
184.37417369410107,-822.3025134262973
184.8493005591532,-822.4580515458837
185.32523462397208,-822.6110874043562
185.8019661819116,-822.7616420857345
186.27949567197126,-822.9097355469304
186.7578258050252,-823.0553687174806
187.23694859617416,-823.1985305877992
187.71684947659028,-823.3392102631428
188.19751378471173,-823.4774023524063
188.67892248141203,-823.6131070783294
189.161050209054,-823.7463290458833
189.64386124077217,-823.8770795307526
190.12731669515665,-824.005380045699
190.61138465253453,-824.1312477549276
191.09604841127552,-824.2546725496491
191.58130770213498,-824.3756513824154
192.06715551692233,-824.4942019272703
192.55357372780767,-824.6103526228038
193.04054007422897,-824.7241311244857
193.52803411041262,-824.8355524479726
194.0160300365616,-824.9446054500099
194.50451196997258,-825.051295423106
194.99347229492497,-825.1556445513411
195.48290793169144,-825.2576737443025
195.97281324709226,-825.357393385811
196.4631773633476,-825.4548053456991
196.95398775513226,-825.5499098427152
197.44523191795378,-825.6427099882876
197.93689637773943,-825.7332108471314
198.42896728736397,-825.8214185389007
198.9214316232717,-825.9073392037703
199.41427741977319,-825.9909796390733
199.90749239915849,-826.0723491179973
200.40106574203557,-826.1514535880802
200.89498739795667,-826.2283004693973
201.38924535022207,-826.3029012678793
201.88382688313638,-826.3752673101852
202.37872071634402,-826.4454067002209
202.87391610839606,-826.5133216832282
203.36940484295334,-826.5790034193922
203.8651789791803,-826.6424532260822
204.36122647020213,-826.7036893649159
204.85753433671113,-826.7627380509656
205.354090688747,-826.8196194742717
205.8508853883323,-826.8743401804646
206.3479086536023,-826.9269013307348
206.84515221308519,-826.9773038388449
207.3426076778139,-827.0255499144316
207.8402682917918,-827.0716420194619
208.33812977528518,-827.1155793062027
208.83618268356807,-827.1573672294135
209.33441587214858,-827.1970235612505
209.83281697324563,-827.2345721453717
210.33137467517125,-827.270022003155
210.83007744249625,-827.3033779859713
211.32891755747113,-827.3346425714553
211.8278898592574,-827.3638139706538
212.32698750735165,-827.3908893231992
212.82620852193594,-827.4158618628455
213.32554351261277,-827.4387336292948
213.8249793006716,-827.459528899349
214.32449921220058,-827.4782867809228
214.82408832810165,-827.4950268738884
215.32373637869227,-827.5097515645614
215.82343852459306,-827.5224585758561
216.32319204184697,-827.5331444677419
216.82299061396157,-827.5418054457853
217.32283297283482,-827.5484363093797
217.82271247484735,-827.5530327606557
218.32261717779986,-827.5556091584081
218.82253274254006,-827.5562002894197
219.3224464266094,-827.5548267662331
219.82234945466342,-827.5514893625385
220.32223416050596,-827.546192778041
220.82209623531884,-827.5389486554261
221.32193265859476,-827.529767905184
221.8217447007639,-827.5186640925041
222.32153181662454,-827.5056491099967
222.82128896716233,-827.4907482434838
223.32100074080677,-827.47403470661
223.82064867848942,-827.455583395351
224.32021477677796,-827.4354499121982
224.8196905444317,-827.4136751136916
225.31908080082601,-827.3902866437518
225.81838750046143,-827.365307308575
226.31761503794843,-827.3387583195356
226.81676343084033,-827.3106566685598
227.31582180204626,-827.2810347210832
227.81477754263003,-827.2499460471345
228.31361591236353,-827.2174490815282
228.8123282115432,-827.1835900019929
229.3109229810023,-827.1484097097085
229.80940744425226,-827.1119474419048
230.30778183744192,-827.0742548199673
230.80605338854866,-827.0353879565429
231.30423764295128,-826.9953711160159
231.80233964414407,-826.9542062401671
232.300369654598,-826.9118841542756
232.79832903311026,-826.8684085999143
233.29620869360434,-826.8238173286996
233.79399953729356,-826.7781505419431
234.29169008429372,-826.731440270554
234.78927494394867,-826.6837071231018
235.28675705103552,-826.6349643952793
235.78414137602363,-826.5852247042399
236.28142983595816,-826.5345043276942
236.77862280506505,-826.4828247093175
237.27572118914998,-826.4302118593505
237.77272470507052,-826.3766958289688
238.269632391625,-826.3223093437477
238.7664454756697,-826.2670863934208
239.263170171802,-826.211062191531
239.75980629749952,-826.1542672067352
240.25635115771348,-826.0967304781325
240.75280545944995,-826.0384729979678
241.2491731101145,-825.9795033544141
241.74545525585538,-825.9198249287966
242.24166060686753,-825.8594336112129
242.73778806707776,-825.7983356821962
243.2338334724638,-825.7365495366824
243.72979170692687,-825.6740938301103
244.22565609119602,-825.6109837245898
244.72142457360155,-825.5472302099112
245.21710008870824,-825.4828423029787
245.712685994222,-825.4178299515553
246.20818375509575,-825.3522053741467
246.7035944521012,-825.2859835146445
247.1989194646544,-825.2191815970789
247.69415924663247,-825.151818856892
248.18931401163073,-825.0839159751488
248.68438500141602,-825.015494463673
249.17937643603625,-824.9465763230173
249.6742903543207,-824.8771829598104
250.16912774282483,-824.8073348096118
250.66388995960904,-824.7370481181074
251.15857944043447,-824.6663326290173
251.65319749892376,-824.5951947536151
252.14774928908156,-824.5236368957799
252.64223540738183,-824.4516649770201
253.13665446867776,-824.3792893980253
253.63100454025692,-824.3065200077652
254.12528260896744,-824.2333645264958
254.61948766505887,-824.1598282716661
255.11362125252808,-824.0859156878787
255.6076853212824,-824.0116315591596
256.1016811297845,-823.9369810384694
256.59560971246026,-823.8619703166114
257.0894719234157,-823.7866073714739
257.5832678722862,-823.7109017595826
258.076997593793,-823.6348636512092
258.57066139120076,-823.5585031700408
259.0642584953036,-823.4818303071519
259.5577908357381,-823.4048552105775
260.0512613832594,-823.3275875115764
260.5446722852131,-823.2500362689449
261.0380246043663,-823.1722107868377
261.5313193589775,-823.0941217536517
262.0245553957557,-823.0157829173058
262.5177329980447,-822.9372056004502
263.0108544326513,-822.8583951588405
263.50392270356923,-822.7793536726724
263.99694050360097,-822.7000830173391
264.48990934605945,-822.6205859325356
264.9828297876263,-822.5408647776826
265.475701927621,-822.4609216535265
265.9685257840257,-822.3807585651844
266.46130153116553,-822.3003768827006
266.9540299529052,-822.2197774269168
267.4467126987946,-822.1389607663641
267.9393511531816,-822.057927414782
268.4319461101205,-821.9766782697025
268.9244921656793,-821.8952159181114
269.4169893573913,-821.8135435379618
269.90944137616253,-821.7316626854049
270.4018499195408,-821.6495731844396
270.89421377731026,-821.5672753105595
271.38653238067036,-821.4847733508369
271.8787992614864,-821.4020824194477
272.3710111706442,-821.3192167020857
272.8631735732383,-821.236175934254
273.3552938137862,-821.1529555955331
273.8473783678827,-821.0695540727637
274.3394297782132,-820.9859746584247
274.83144819817704,-820.9022231047746
275.3234338184702,-820.8183050265543
275.81538670512475,-820.7342260761435
276.30730684305655,-820.649991419183
276.7991952639706,-820.5656049637266
277.2910543073271,-820.4810694282627
277.78288593280917,-820.3963868945677
278.27469132084605,-820.311559490083
278.76646626563013,-820.2265909099176
279.25821024374335,-820.1414853223176
279.7499263342357,-820.0562446455768
280.24161610799064,-819.9708685419315
280.73327850688014,-819.8853562144238
281.2249128739892,-819.7997095731791
281.716513812136,-819.7139393122198
282.2080772508217,-819.628056639865
282.6996076635588,-819.5420598931054
283.1911109651078,-819.4559434441803
283.6825924182922,-819.3697039623412
284.17405291845654,-819.2833419604342
284.6654912525198,-819.196859800394
285.1569068238798,-819.1102600321135
285.648299185899,-819.0235455130999
286.13966742787454,-818.9367189229271
286.63101078807523,-818.8497820495245
287.12232817810826,-818.7627361200746
287.61361868733024,-818.6755822589538
288.10488195624816,-818.5883218578703
288.596114110448,-818.5009576796089
289.0873139601814,-818.4134930130921
289.5784847185816,-818.3259283272813
290.06962853966013,-818.2382619907297
290.5607446531386,-818.1504918013418
291.05183217006913,-818.062617892701
291.5428863808399,-817.9746481158717
292.0339019984266,-817.8865927492133
292.52488262563435,-817.7984501694166
293.01583373374393,-817.7102145273404
293.50676102180006,-817.6218817322806
293.9976666956332,-817.5334515858835
294.4885504685322,-817.4449261915743
294.97941205368187,-817.3563075713845
295.470251237647,-817.2675976745063
295.9610674380931,-817.178798360998
296.4518606659254,-817.089910829206
296.9426319145331,-817.0009357164136
297.43338203057033,-816.9118733485635
297.9241115027618,-816.8227240390999
298.4148176161392,-816.733489381253
298.90549711497044,-816.6441731669539
299.3961524192334,-816.554776473968
299.88678566962744,-816.4652976872683
300.3773964241185,-816.3757338777621
300.8679839335735,-816.2860838638937
301.35854536240896,-816.1963530588415
301.84907413703013,-816.1065525239836
302.33957343039424,-816.0166817679211
302.83004787904594,-815.9267353283075
303.3205033151989,-815.8367087722611
303.81094387150483,-815.7466015910359
304.3013714375085,-815.6564158835392
304.7917867523894,-815.5661540949084
305.28218998315714,-815.475818358511
305.77258141106086,-815.3854102606527
306.262961982893,-815.2949305079018
306.75333529311445,-815.2043786265408
307.2437057576354,-815.1137542956949
307.73407578877556,-815.0230578491241
308.2244445411358,-814.9322903616826
308.714806385275,-814.841456065553
309.20516267128875,-814.7505566757976
309.6955155657242,-814.6595905310921
310.1858648994406,-814.568554100255
310.67620961339486,-814.477445087017
311.16654824918663,-814.3862667290931
311.6568720838542,-814.295031750877
312.1471828826507,-814.2037422302085
312.6374853103562,-814.1123925202737
313.12778546875387,-814.0209770659693
313.61808720666573,-813.9294942546248
314.10839123871676,-813.8379458183979
314.5986971409099,-813.7463344816521
315.0890044082861,-813.6546625811704
315.57931232905804,-813.5629321026111
316.0696208110315,-813.4711444088733
316.5599311036184,-813.3792998659236
317.0502452744885,-813.2873985174571
317.54056445865933,-813.1954408136455
318.0308885654148,-813.103427670772
318.5212116536797,-813.011363338682
319.0115344784576,-812.9192510194094
319.50186012382477,-812.8270895748295
319.9921889580759,-812.7348755752625
320.4825190766445,-812.6426061561973
320.9728491346794,-812.5502824822373
321.4631712757112,-812.4579157406619
321.95348416611904,-812.3655116814907
322.44379253512386,-812.2730655468926
322.93410248991876,-812.180571459004
323.42441795570426,-812.0880269744937
323.9147384550454,-811.9954333305363
324.40506217366874,-811.9027932052211
324.8953883688163,-811.8101089364968
325.3857162123013,-811.7173824613683
325.8760444051686,-811.624615498945
326.3663718768157,-811.5318095019633
326.856697061022,-811.4389656652266
327.3470185402348,-811.3460850682003
327.8373354749439,-811.2531689608378
328.32764601704713,-811.1602196702311
328.8179504223999,-811.0672398236587
329.3082502506684,-810.9742301821979
329.79854631324474,-810.8811904066748
330.28883825211267,-810.7881197906071
330.77912563466236,-810.6950188498289
331.26940564112255,-810.6018920088171
331.7596759912534,-810.5087437678674
332.2499383756473,-810.4155735114742
332.7401956378659,-810.322379463357
333.2304506115817,-810.229160786825
333.72070456348547,-810.1359182230236
334.2109577009162,-810.0426534488967
334.7012101241666,-809.9493682023214
335.19146177536027,-809.8560639422814
335.68171248740543,-809.7627419201307
336.17196262000306,-809.669403107244
336.66221338999867,-809.5760481523847
337.1524658053372,-809.4826778055401
337.6427203169071,-809.3892929909913
338.13297450288746,-809.2958959123051
338.62322667072175,-809.2024902879401
339.11347876486536,-809.1090765185952
339.60373203184815,-809.0156527898896
340.0939859688126,-808.9222169201925
340.58424018765896,-808.8287686046716
341.07449180540794,-808.7353128792149
341.5647363264216,-808.6418572224264
342.05497659988845,-808.5484004116786
342.54521646541554,-808.4549388956822
343.03546003886146,-808.3614703075449
343.5257102964169,-808.2679947020349
344.01596858660963,-808.1745140342247
344.5062350836372,-808.0810307557722
344.99650954165446,-807.9875467674404
345.48679229911966,-807.8940632817246
345.97708450262934,-807.8005810691816
346.46738957079606,-807.7071003431982
346.95771107989594,-807.6136212054078
347.448050830633,-807.5201441514619
347.9384090739195,-807.4266701765218
348.428785159442,-807.3332009676662
348.9191791178763,-807.2397376366681
349.40959093828906,-807.1462806820688
349.9000203113084,-807.0528304826361
350.39046709731605,-806.959387796011
350.88093107603896,-806.8659543665478
351.37141130004085,-806.7725327279686
351.86190847185236,-806.6791233763461
352.35242323984266,-806.5857262022868
352.8429560738613,-806.4923413972842
353.33350731107635,-806.3989697055657
353.82407707375495,-806.3056122285194
354.3146652789754,-806.2122702456155
354.8052718230703,-806.1189449893454
355.29589664463214,-806.0256374988131
355.78653974979903,-805.9323487089741
356.27720144075084,-805.8390794349591
356.7678823310208,-805.7458303801375
357.2585827176413,-805.6526023642575
357.7493028719321,-805.559396222602
358.2400433472933,-805.4662122819707
358.73080382762487,-805.3730516777416
359.2215837104593,-805.2799162279229
359.71238291853615,-805.1868072539859
360.20320172933765,-805.0937255248385
360.6940402425103,-805.0006715772187
361.1848996968252,-804.9076451921059
361.6757798091539,-804.814647693294
362.1666800210996,-804.7216810871097
362.6575996461286,-804.6287469917198
363.1485374730652,-804.5358466231328
363.6394928209591,-804.442980803529
364.13046581790434,-804.3501501769134
364.62145662476917,-804.2573554972228
365.11246517287407,-804.1645976789707
365.603491364738,-804.0718776891779
366.09453450592764,-803.9791965611611
366.5855932498371,-803.8865555282766
367.07666646194326,-803.7939559216227
367.5677536536394,-803.7013989054144
368.0588564474561,-803.6088842665463
368.54997539645706,-803.5164123374407
369.04110980615945,-803.4239855005213
369.5322592835528,-803.3316059026236
370.0234247384767,-803.2392742705292
370.5146063976477,-803.1469907767693
371.00580644727944,-803.0547542643578
371.4970255141741,-802.9625653939171
371.98826249716393,-802.8704271639803
372.4795162119022,-802.7783421402085
372.97078428343355,-802.6863120982691
373.46206463597053,-802.5943380358134
373.9533573091734,-802.502420404055
374.4446631413875,-802.410559518181
374.93598236111563,-802.3187559796902
375.42731496858096,-802.2270105902655
375.91866014971816,-802.1353244505113
376.41001483899424,-802.0436993067966
376.9013757942082,-801.9521370453266
377.3927407669352,-801.8606392842058
377.8841060538722,-801.7692087957413
378.3754722889443,-801.6778488739507
378.8668435450959,-801.5865589951757
379.35822188704,-801.4953367224385
379.8496064070737,-801.4041793806831
380.34099595545393,-801.3130864688432
380.83238543675566,-801.2220639213382
381.3237693713275,-801.1311190131555
381.815151039735,-801.0402496609186
382.3065358795822,-800.9494516634146
382.79792910166424,-800.8587222560104
383.28933256773126,-800.7680615347501
383.7807460795854,-800.6774712236386
384.27216943466897,-800.586953262936
384.76360235340843,-800.4965091776133
385.25504414116466,-800.4061401283259
385.74649471541665,-800.315847013507
386.23795491799365,-800.2256305158194
386.7294257410579,-800.1354912648466
387.2209076988905,-800.045430018885
387.71239805800036,-799.955449004909
388.2038941100746,-799.8655535200552
388.69539913788384,-799.7757439913589
389.18691543015086,-799.6860169293149
389.6784420170226,-799.5963681062043
390.1699776642905,-799.5067963770788
390.6615186546358,-799.417307948298
391.15305630570475,-799.3279148787929
391.6445945419313,-799.2386157642809
392.1361395425447,-799.1494045679027
392.6276981806726,-799.0602763896287
393.1192743175421,-798.9712301030339
393.6108687745468,-798.8822677117406
394.1024813226369,-798.7933925248676
394.59411123546835,-798.7046069972848
395.0857580339033,-798.6159123441038
395.5774225716712,-798.5273093565489
396.0691079267878,-798.4387985385127
396.56081747398633,-798.350379932608
397.0525529515507,-798.2620537965481
397.54431418137455,-798.1738211925475
398.0360991918933,-798.0856853216027
398.5279093097476,-797.9976476086173
399.0197457250869,-797.9097070904111
399.5116077624119,-797.8218621786548
400.00349432320496,-797.7341128085427
400.49540427702186,-797.64646147434
400.98733303605337,-797.5589141503324
401.47928180030067,-797.4714700955822
401.9712531439062,-797.3841250637612
402.463249858159,-797.29687496564
402.9552725003088,-797.209717727402
403.44731971520144,-797.1226529021785
403.9393904177663,-797.0356805192663
404.43148412190305,-796.9488000733711
404.92359994872385,-796.8620109179949
405.4157367707314,-796.775312799724
405.90789292769927,-796.6887059682656
406.40006610284314,-796.6021913349932
406.89225442101156,-796.5157699829817
407.3844568826938,-796.4294427877047
407.8766732239945,-796.3432112043421
408.3689049273566,-796.257076325275
408.8611531286026,-796.1710387473705
409.35341797731456,-796.0850990547713
409.8456990841613,-795.9992584806583
410.3379960698832,-795.9135192232053
410.83030714898695,-795.8278851559452
411.3226323623236,-795.7423585413029
411.81497307678575,-795.6569402510406
412.3073311157961,-795.571631285956
412.79970710257174,-795.4864332483346
413.29210037094197,-795.4013482231879
413.784510604581,-795.3163783148741
414.2769378785097,-795.2315251125818
414.76938196788905,-795.1467899829503
415.2618423577389,-795.0621746830199
415.75431787157635,-794.9776814927966
416.2468060411957,-794.8933135929782
416.7393046576117,-794.8090741879323
417.23181246659186,-794.7249656619038
417.7243306503978,-794.6409890034664
418.2168608721793,-794.5571453636995
418.7094039118379,-794.473437114228
419.20195992742424,-794.3898664015975
419.69452933952715,-794.3064344875287
420.18711238755884,-794.223142249845
420.67971005077374,-794.1399895964137
421.17232286053786,-794.0569776110559
421.66495073573736,-793.9741091070622
422.1575935164028,-793.8913864568718
422.65025055944915,-793.8088114205148
423.1429212428403,-793.7263851505683
423.63560564089994,-793.6441080477057
424.1283041537722,-793.5619805303577
424.6210170603247,-793.4800033982625
425.11374451067024,-793.3981775623604
425.60648628093077,-793.3165039418143
426.099241100269,-793.2349839595289
426.5920075287201,-793.153618836001
427.08478443828983,-793.072408557521
427.577572805086,-792.9913506520251
428.07037345077185,-792.9104409980622
428.56318581176674,-792.8296765648886
429.05600847314105,-792.7490534858064
429.5488408027961,-792.6685641379297
430.0416814895336,-792.5881964574127
430.5345300727352,-792.5079347567453
431.02738587154585,-792.4277616824141
431.5202450230061,-792.3476617286674
432.0131036466823,-792.2676181642616
432.50595693965147,-792.1876126047455
432.99880192854295,-792.1076252031643
433.4916373893801,-792.0276355805845
433.9844616991355,-791.9476230987142
434.4772725340626,-791.8675675847827
434.9700678405195,-791.7874501615306
435.46284553330054,-791.7072527823119
435.9556060047147,-791.6269589791006
436.44834894014866,-791.5465546850123
436.94107399256643,-791.4660270819157
437.43378237986235,-791.3853629278988
437.9264738284228,-791.3045489888833
438.41914712840435,-791.2235748468429
438.9117986403243,-791.1424349308725
439.40442640285994,-791.0611250507036
439.8970288793572,-790.9796415468381
440.38960540550437,-790.8979792493451
440.88215957361183,-790.8161300918193
441.37468959831267,-790.7340918715818
441.8671937046857,-790.6518648788672
442.35966935411295,-790.5694501709066
442.8521158719993,-790.4868486080694
443.3445352123369,-790.4040608691043
443.8369292985028,-790.3210876220286
444.32929864825053,-790.237929989679
444.82164408937115,-790.1545891605524
445.31396710307286,-790.0710660762213
445.80627131399,-789.9873610165736
446.29856156915304,-789.903473614339
446.79084062679055,-789.8194041144695
447.28310889295665,-789.7351538521627
447.77536384604264,-789.6507260608201
448.26760632604817,-789.5661226194338
448.7598374535204,-789.4813432211969
449.2520565676476,-789.3963870726158
449.74426252158236,-789.3112550944129
450.23645449024355,-789.225951314891
450.72862812672,-789.1404842521406
451.2207845970906,-789.0548557598576
451.71292665022156,-788.9690635900307
452.205057203057,-788.8831056121116
452.6971768255818,-788.7969817744244
453.18928396718275,-788.7106936127335
453.68137747656317,-788.6242430876696
454.17345697836606,-788.5376314166076
454.6655216695215,-788.4508595439876
455.1575703265207,-788.3639289481184
455.649600824417,-788.2768418416737
456.1416098910119,-788.1896012702748
456.6335947880117,-788.1022101090191
457.1255541637326,-788.0146702852205
457.61748950780174,-787.9269823778912
458.10940219505665,-787.8391475242622
458.60129220583656,-787.751167944456
459.09315890739083,-787.6630430780918
459.585000395857,-787.5747613248209
460.07681264067236,-787.4863006160132
460.56859151018546,-787.3976304422469
461.06033109495803,-787.3087178113291
461.55202437255485,-787.219527884085
462.04366364827723,-787.1300241628583
462.5352395411,-787.0401681496868
463.02674233300087,-786.9499206555657
463.5181645406141,-786.8592443594891
464.0095000841443,-786.7681047851516
464.5007427736641,-786.676471820847
464.99188691828846,-786.5843213985528
465.4829263906075,-786.4916362506976
465.97385257495944,-786.3984047226332
466.4646577337454,-786.304619525911
466.95533695486927,-786.2102783150578
467.445889628872,-786.1153828230679
467.93631868335257,-786.0199377527618
468.4266271626674,-785.9239512427732
468.9168171459218,-785.8274346434724
469.40689082654507,-785.7304023860605
469.8968507392087,-785.6328715714058
470.38669890258006,-785.5348614531689
470.87643811172524,-785.4363916966446
471.36607228193276,-785.3374820920772
471.8556058119273,-785.2381534478773
472.3450443857925,-785.1384270017427
472.8343953383803,-785.038324905874
473.3236652942249,-784.937870372036
473.8128592467527,-784.8370861763041
474.3019818155507,-784.7359935159496
474.7910378695211,-784.6346113024532
475.2800335796752,-784.5329561460932
475.76897881675126,-784.4310417694508
476.2578812722716,-784.3288808551384
476.7467457086422,-784.2264864838332
477.23557481803164,-784.1238731182957
477.72437055502184,-784.0210545366459
478.2131343955476,-783.9180415979955
478.7018669344328,-783.8148389794135
479.190566437044,-783.7114402276158
479.67922963085147,-783.6078298726185
480.16785133666104,-783.5039857049788
480.65642584961194,-783.3998799958478
481.1449473139289,-783.2954799817222
481.63340913831115,-783.1907516334966
482.1218050714352,-783.0856607364071
482.61012988982736,-782.9801756222578
483.0983776178575,-782.8742668124077
483.58654184923154,-782.7679080319097
484.0746171295911,-782.6610764149233
484.56259969197316,-782.5537525925887
485.05048750596933,-782.4459205514866
485.5382821743046,-782.3375686626401
486.0259853536863,-782.2286908007762
486.513597517355,-782.1192852493649
487.0011158435245,-782.0093557841042
487.4885404551716,-781.8989091772631
487.97587432047146,-781.7879529733023
488.4631194055577,-781.6764959489956
488.9502764511275,-781.5645513331183
489.4373475982883,-781.4521382598413
489.92433296385286,-781.3392845219408
490.41123389035306,-781.2260151686434
490.8980576185688,-781.1123457491035
491.38481178173765,-780.9982916887799
491.8715024280278,-780.8838655617445
492.35813074798523,-780.769066539422
492.844693080464,-780.6538821650586
493.33118215546233,-780.5382889606759
493.81758931272685,-780.4222555423505
494.3039051942461,-780.3057436267505
494.7901204800672,-780.1887111798096
495.2762276158914,-780.0711144406993
495.7622189502661,-779.9529114479154
496.24808573856274,-779.8340623639908
496.73381665221893,-779.7145336506607
497.2194028501188,-779.5942966857655
497.7048388759111,-779.4733271059313
498.1901197110202,-779.3516055808442
498.67523932899144,-779.2291190133786
499.16019371115846,-779.1058628222604
499.644979083795,-778.9818477266476
500.1295933105868,-778.8570888022672
500.6140410142644,-778.7315943462311
501.0983256988277,-778.605366186931
501.5824463460561,-778.478392436481
502.0663974193526,-778.350652160616
502.5501699144544,-778.2221185122816
503.03375359086004,-778.0927620603616
503.5171370508741,-777.9625488959908
504.0003082694207,-777.8314430509948
504.4832553762768,-777.699407858535
504.9659684564267,-777.5664088398519
505.4484391709217,-777.4324152064896
505.9306598583816,-777.2974022569931
506.4126226613765,-777.1613536996363
506.89432203644327,-777.0242607977884
507.3757518449256,-776.8861063378884
507.85690067009114,-776.7468568829021
508.3377520275327,-776.6064693957551
508.81828809931585,-776.4648979892246
509.29849094892774,-776.3221016490407
509.7783415701514,-776.1780398922094
510.2578246494602,-776.0326660353076
510.7369255487834,-775.8859348206528
511.21563113549735,-775.7378079553464
511.69392877448325,-775.5882565842763
512.1718050935315,-775.4372534745632
512.6492436597647,-775.2847628061854
513.1262262143591,-775.1307445333224
513.6027334975356,-774.9751579840317
514.0787465829675,-774.8179662393866
514.55424475666,-774.6591328759463
515.0292075685705,-774.49862060106
515.5036146087543,-774.3363898160061
515.977445081699,-774.1723988864289
516.4506771242491,-774.0066034661392
516.9232882358954,-773.8389589970884
517.3952559180507,-773.6694238222723
517.866557069406,-773.4979578173236
518.3371661417914,-773.3245162916874
518.8070540281733,-773.1490463334936
519.2761904852249,-772.9714938729543
519.7445444896831,-772.7918044591964
520.2120829828111,-772.6099206182706
520.6787703584373,-772.4257806795581
521.1445666944426,-772.2393170394691
521.6094314409926,-772.0504622532746
522.0733308166697,-771.8591650223055
522.5362362370969,-771.6653884601858
522.9981213012276,-771.4691077167261
523.458955815767,-771.2702957506382
523.918705347499,-771.0689160871215
524.3773104133936,-770.8649386830957
524.8341153811516,-770.6586380286602
525.2871304717595,-770.4509640437059
525.7346816088127,-770.2426499965635
526.1765157725614,-770.03369225876
526.6125701332747,-769.8240959745641
527.0424397982518,-769.6141493422854
527.465168440502,-769.40448202899
527.8809114651174,-769.1950933958093
528.2903332048037,-768.9857328755685
528.693316275302,-768.7766415054024
529.0894633313327,-768.5681919282379
529.4789032161032,-768.3604014804997
529.8619827661312,-768.1531486785755
530.2387509065168,-767.9464930215823
530.609127283007,-767.7405430949251
530.9731973645048,-767.535269992813
531.3311170870412,-767.3306002835473
531.6829557612098,-767.1265643021902
532.0287554379654,-766.9232448626052
532.3686270736093,-766.7206859070495
532.7027089830332,-766.5189223248333
533.0310919893617,-766.318016262921
533.3538492744248,-766.1180331811464
533.6710793340303,-765.9190109742765
533.9828580952576,-765.7209949074594
534.2892443407674,-765.5240135544584
534.5903260180662,-765.3280482705561
534.8864029857609,-765.132917770073
535.1778634618319,-764.9383743662141
535.4646733440499,-764.7444703078952
535.7469494800231,-764.5511076444474
536.0249948811143,-764.3580186498679
536.2989247313066,-764.1650993552178
536.568748770009,-763.972382252189
536.8346202296833,-763.7798044502616
537.0967504458083,-763.5872900758544
537.3552123451344,-763.3948696046422
537.6100284414289,-763.2026055323897
537.8612658942474,-763.0104964128254
538.1089983833217,-762.8184899687376
538.3532817973021,-762.6265128299785
538.5941590344687,-762.4344944825406
538.8316664819127,-762.2423898637542
539.0658304670118,-762.0501828825967
539.2966959425586,-761.8578354281809
539.5243933064473,-761.6652188401555
539.7490811513635,-761.4721825541301
539.9708947270497,-761.2786998768787
540.1900188240709,-761.0848902432607
540.406726041772,-760.8908505098233
540.6215238928255,-760.696282182857
540.8350947941653,-760.5004502003114
541.047850654963,-760.3028055400459
541.2598866113829,-760.1031781077102
541.4713093140803,-759.9014488467747
541.6822729911763,-759.6974541593884
541.8928197006967,-759.4911403847956
542.1029321477204,-759.2825393405913
542.3126417048662,-759.071656330525
542.5220085207629,-758.8585760612922
542.7310859208795,-758.6435105612071
542.9399560171773,-758.4266030619015
543.1491188661292,-758.2074825734553
543.3595466372744,-757.985235016218
543.5718869169414,-757.7593383005562
543.786293782316,-757.529811990612
544.002919905195,-757.2966015068273
544.2220354587787,-757.0594371529704
544.4437454760912,-756.818116367548
544.6679883112664,-756.5725526233309
544.8947399146394,-756.3225973974943
545.1240265042809,-756.0680764411643
545.3558342619597,-755.8088983914133
545.5901367816261,-755.5449901655036
545.8269287302488,-755.2762503287571
546.0661886315881,-755.0025891406243
546.3078964497151,-754.7239517345123
546.5520511944876,-754.4402793120427
546.7986671203456,-754.1515087376665
547.0477555558842,-753.8575908311992
547.299329432358,-753.5584857132345
547.553412854812,-753.2541563677664
547.8100323520447,-752.9445734281129
548.0692001998248,-752.6297090278017
548.3309269871082,-752.3095364441043
548.5951872691523,-751.9840318113343
548.8619303010565,-751.653169189831
549.1310974556698,-751.3169107933747
549.402628531716,-750.9752160243552
549.6764608264233,-750.6280524987535
549.9525314987943,-750.2754000901103
550.2307791117381,-749.9172532459407
550.511149566465,-749.5536126020957
550.793597212465,-749.1844800283726
551.0780829978225,-748.8098669550325
551.3645678012639,-748.4298067989757
551.6530098169676,-748.0443501624135
551.9433749699264,-747.6535494074474
552.2356384911902,-747.2574583835355
552.529757605214,-746.8561417799119
552.8255054330773,-746.4499162371446
553.1220109557632,-746.0400522945749
553.4180534811754,-745.6282431332912
553.7127684313382,-745.2155931444989
554.0057274298088,-744.8026088457757
554.2966782406162,-744.3895904779664
554.5854507698369,-743.9767593842441
554.8720059233035,-743.564184525642
555.1563989731461,-743.1518491995832
555.4386943055905,-742.7397876188687
555.7189714123455,-742.3280362061054
555.9973532380567,-741.9165439642392
556.2739772767129,-741.5052101092481
556.5489606535917,-741.0939499433458
556.8224072377892,-740.6826861994718
557.094421537691,-740.271334588942
557.3650969807779,-739.8598182451615
557.6345109818452,-739.4480814933088
557.9027395245802,-739.0360820824602
558.1698594371105,-738.6237806140749
558.4359341864133,-738.2111384034156
558.7010114385888,-737.7981174997875
558.9651280640784,-737.3846741397374
559.2283153826452,-736.9707711345577
559.4905947782993,-736.5563797731096
559.7519791649828,-736.1414745677383
560.0124746391327,-735.7260299915217
560.2720822074149,-735.3100205533093
560.5308027448363,-734.8934232627296
560.7886399606203,-734.4762179781582
561.0455979628576,-734.0583880003614
561.3016813350189,-733.639920790428
561.5568961200383,-733.2208064328574
561.8112501342118,-732.8010423392168
562.0647553323382,-732.3806318507433
562.3174273182037,-731.9595815529433
562.5692848447385,-731.5378986659945
562.8203498228182,-731.1155903928156
563.0706446128222,-730.6926656207534
563.3201916096751,-730.2691355005162
563.5690140495873,-729.8450133485653
563.8171359555679,-729.4203139114048
564.0645812256128,-728.995053070593
564.3113737424986,-728.5692473926198
564.5575356847814,-728.1429107948007
564.8030828426669,-727.7160530015038
565.0480231722389,-727.2886789620162
565.2923580271599,-726.8607909960546
565.5360832496351,-726.4323895390548
565.7791904042301,-726.0034727749944
566.0216675033117,-725.5740367860556
566.2635009036527,-725.1440771718893
566.5046767924688,-724.7135898963949
566.7451822529463,-724.2825711409641
566.9850046756069,-723.8510195093924
567.2241340349283,-723.4189351738967
567.4625628071043,-722.9863195987064
567.7002846764816,-722.5531764867552
567.9372987805104,-722.119507824484
568.1736063201071,-721.6853158185362
568.4092092100432,-721.2506050257018
568.6441107396145,-720.8153830148842
568.8783183868281,-720.3796600639225
569.1118442642849,-719.9434533875777
569.3447037186222,-719.5067796716615
569.576910032998,-719.0696473708673
569.808476942061,-718.6320633521573
570.0394182305565,-718.1940355754723
570.2697420196934,-717.7555724394614
570.4994501600598,-717.3166797676375
570.7285391577941,-716.8773597782133
570.957002206502,-716.4376128454812
571.1848307991459,-715.9974391126974
571.4120158710075,-715.5568386686642
571.6385468759331,-715.1158123149911
571.8644121861619,-714.6743611420247
572.0896005134981,-714.2324855269158
572.3141013821476,-713.7901862426697
572.5379072874639,-713.3474633882367
572.7610149418808,-712.9043152934128
572.9834219708821,-712.4607416313056
573.2051263928377,-712.0167455134213
573.4261285521832,-711.5723327823288
573.6464312203848,-711.1275122236624
573.8660346798471,-710.6822958368035
574.0849328712031,-710.2366823887821
574.3031134239287,-709.790664070643
574.5205630118306,-709.3442315010723
574.7372672680073,-708.8973792978392
574.9532116967556,-708.4501045813545
575.1683828329474,-708.0024046672088
575.3827695906887,-707.5542778665961
575.5963624543077,-707.1057239606637
575.8091536710546,-706.6567440743369
576.0211332845513,-706.2073397782779
576.2322853546706,-705.7575110579412
576.4425911468771,-705.3072555891553
576.652030593629,-704.8565696146719
576.8605829717302,-704.4054495234142
577.0682308801629,-703.9538865795653
577.2749571893471,-703.501872696655
577.4807444034856,-703.0494027311995
577.6855764796452,-702.5964748720215
577.8894426408697,-702.1430907612329
578.0923364614106,-701.6892612193751
578.2942466936906,-701.2349853961001
578.4951550623047,-700.7802538301976
578.6950411167796,-700.3250533017039
578.8938872983512,-699.8693748369345
579.091677581613,-699.4132145867716
579.2883976206691,-698.9565709002134
579.4840348893441,-698.4994432000218
579.6785789831209,-698.0418318542925
579.872020403952,-697.5837373403318
580.064350508539,-697.1251593493938
580.2555597465616,-696.6660969282337
580.4456382983979,-696.2065494254523
580.6345765724759,-695.7465168435688
580.8223647383795,-695.2860023636163
581.0089972509255,-694.8250072883434
581.1944735256787,-694.3635336544669
581.3787915486105,-693.9015843201179
581.5619436054702,-693.4391614123589
581.7439195408365,-692.9762660659449
581.9247113731892,-692.5129045145674
582.1043114610204,-692.0490796676577
582.282710542643,-691.584789034219
582.4599004322297,-691.1200291699196
582.6358762939268,-690.6547990195758
582.8106344160384,-690.1891026631171
582.9841728143217,-689.7229479244174
583.156493766795,-689.2563420617901
583.32760118327,-688.7892944778135
583.4974996404754,-688.3218107407656
583.6661934262455,-687.8538938362357
583.8336842910198,-687.385551162448
583.9999719856419,-686.9167849210456
584.1650639007879,-686.4476071976927
584.3289708638382,-685.9780320369578
584.4917019651441,-685.5080746421248
584.6532644629906,-685.0377464669558
584.8136659787832,-684.5670520156763
584.9729155372211,-684.0959930648123
585.1310228792835,-683.6245739387377
585.2879993045705,-683.1528017364002
585.4438573369549,-682.6806840962529
585.5986097174992,-682.2082289200199
585.7522685225748,-681.7354445224669
585.9048461485131,-681.262338347945
586.056355226991,-680.7889170523451
586.2068084030275,-680.315187694588
586.3562173704564,-679.8411565281165
586.5045906291223,-679.3668291528181
586.6519352683692,-678.8922103497106
586.7982565540207,-678.41730242596
586.9435574479396,-677.9421073581682
587.0878395536851,-677.4666260885188
587.2311055196317,-676.9908613332046
587.373357803247,-676.5148161758442
587.5146014412404,-676.0384950992191
587.6548462045234,-675.5619074455266
587.7941056860242,-675.0850619975615
587.9323952561608,-674.6079644201881
588.0697286111058,-674.130619625931
588.2061176609659,-673.6530313490711
588.3415760760184,-673.1752027855887
588.4761232602888,-672.6971432695602
588.6097778050377,-672.2188618782442
588.7425543653193,-671.7403670202788
588.8744658614158,-671.2616634871256
589.0055245196075,-670.7827530631591
589.135740418089,-670.30363678235
589.2651198684929,-669.8243166136193
589.3936659115692,-669.3447941898432
589.5213786919082,-668.8650692768648
589.6482561441062,-668.3851386480343
589.7742945167603,-667.9049979977317
589.8994894074732,-667.4246447181117
590.0238347025938,-666.9440799464617
590.147323294732,-666.4633053977946
590.2699510708334,-665.9823229394733
590.3917173996176,-665.5011344148246
590.5126250354855,-665.0197420153761
590.6326807506938,-664.5381488376912
590.7518951460113,-664.0563601148802
590.8702807063277,-663.5743820491841
590.9878470916927,-663.0922174857953
591.1046037745924,-662.6098693253479
591.2205607499686,-662.1273410591926
591.3357267559411,-661.6446395380938
591.4501075424549,-661.161772181494
591.5637068300847,-660.6787448108258
591.6765276445212,-660.1955622776617
591.7885728504868,-659.7122291785731
591.8998449344314,-659.2287498188725
592.0103454860096,-658.7451302373158
592.1200741033142,-658.2613765725346
592.2290280857014,-657.7774939364494
592.3372030556011,-657.2934862797882
592.4445951607935,-656.8093547012315
592.5512025275094,-656.3250975499355
592.6570240691394,-655.840714175431
592.7620608077791,-655.3562054166673
592.8663164638197,-654.8715731322134
592.9697974531535,-654.3868218548714
593.0725104337531,-653.9019569680486
593.1744583364081,-653.4169803440773
593.275642880615,-652.9318924438403
593.376067008608,-652.4466916598434
593.4757365514729,-651.961373978597
593.5746569467406,-651.4759362967252
593.6728311460882,-650.9903783329332
593.7702612469602,-650.5046993954259
593.8669474224315,-650.0188979911387
593.9628879521437,-649.532973003116
594.0580799248725,-649.0469196707393
594.152520030341,-648.5607342515976
594.2462059812814,-648.0744158017096
594.3391365103358,-647.5879627718457
594.4313109444605,-647.1013747302405
594.5227294137111,-646.6146527562873
594.6133923333051,-646.1277987684686
594.7033002938749,-645.6408151288961
594.7924541990303,-645.1537041202789
594.8808546373467,-644.6664670401856
594.968501459549,-644.1791042704357
595.0553965351127,-643.6916180425163
595.1415421434947,-643.2040104578314
595.2269402678495,-642.7162833703732
595.3115954357446,-642.2284322053914
595.3955125038716,-641.7404484934444
595.4786930223219,-641.2523282003158
595.5611391062672,-640.7640685070369
595.6428526058263,-640.2756657133168
595.7238345803328,-639.787118474457
595.8040857229922,-639.298421432275
595.8836062327289,-638.8095679477954
595.9623968221895,-638.3205562006752
596.0404584413285,-637.8313822535982
596.1177910491904,-637.3420406329001
596.1943959246189,-636.8525323129
596.2702754279862,-636.3628625720304
596.3454307247105,-635.873035669922
596.4198615346924,-635.3830542853847
596.4935662652423,-634.892920742227
596.5665398916644,-634.4026321439958
596.6387844973963,-633.9121923611992
596.7103061413266,-633.4216049989157
596.7811094131074,-632.9308752239831
596.8511949126757,-632.440012402488
596.9205604021271,-631.9490271393811
596.9892024456608,-631.4579290543005
597.0571197350007,-630.9667263235159
597.1243128417661,-630.475425107803
597.1907850527766,-629.9840297349797
597.2565426056781,-629.4925455961011
597.3215935794153,-629.000981032234
597.385945536188,-628.5093482776637
597.4496042021146,-628.0176554702296
597.512573379659,-627.5259051297302
597.5748559040613,-627.0340937023025
597.6364530016208,-626.5422196350283
597.6973656993318,-626.0502841756144
597.757596820957,-625.5582887154285
597.817150581478,-625.0662348637879
597.8760320828244,-624.5741266829253
597.9342452357523,-624.081966976291
597.9917925164089,-623.589757025421
598.0486762709693,-623.0974973697502
598.1048996355909,-622.6051893764402
598.1604664382884,-622.1128346488946
598.2153785592755,-621.6204371592886
598.2696395006963,-621.1280002547879
598.3232536030335,-620.6355241690767
598.3762253700787,-620.1430085822788
598.4285591267109,-619.6504531381382
598.4802589734871,-619.1578560377743
598.5313290383518,-618.6652194339312
598.5817730119817,-618.1725446419731
598.6315936708228,-617.6798404264782
598.6807945556112,-617.1871111245325
598.7293761559754,-616.6943547320918
598.7773369487701,-616.2015690895159
598.824675886313,-615.7087519226174
598.8713966675386,-615.2159010884966
598.9175124122235,-614.7230226150695
598.9630343979379,-614.2301211473566
599.0079628039939,-613.7371958767081
599.0522961497298,-613.2442429934446
599.0960360064166,-612.7512577941552
599.1391882676696,-612.2582360334951
599.181759384605,-611.76517729658
599.2237561870003,-611.2720835913676
599.2651852393794,-610.7789523026128
599.3060523481101,-610.2857804187968
599.3463628453769,-609.7925662723118
599.3861217200588,-609.2993053994571
599.425333913455,-608.8059961747439
599.4640042183056,-608.3126389870744
599.502135837259,-607.8192376018521
599.5397326474914,-607.3257960931198
599.5767967657608,-606.8323125849581
599.6133290704461,-606.3387853599521
599.6493304959627,-605.8452134622141
599.6848041983258,-605.351595568792
599.719758649057,-604.857934356584
599.7542038917471,-604.36423398685
599.7881430370452,-603.8704948751227
599.8215781464331,-603.3767156260305
599.8545126131409,-602.8828945394349
599.8869514406697,-602.3890338875079
599.9189003196019,-601.8951389630665
599.9503639526498,-601.4012175387527
599.9813480351784,-600.9072742465338
600.0118587221937,-600.4133111228289
600.041903387333,-599.9193286226013
600.0714902503881,-599.4253270245919
600.10062696363,-598.9313071164972
600.1293205639204,-598.4372735505137
600.1575763297077,-597.9432334004672
600.185399992922,-597.4491963439903
600.2127939417552,-596.9551610787481
600.239757899274,-596.4611250195817
600.2662916892447,-595.9670855996186
600.2923978266552,-595.4730397868975
600.3180852174339,-594.9789894924318
600.343367187926,-594.4849415762061
600.3682448008633,-593.9908962865409
600.3927153282473,-593.4968514653415
600.4167772271985,-593.0028018856085
600.4404328811215,-592.5087412180831
600.4636879754725,-592.014662989059
600.4865469486787,-591.5205656914136
600.5090147923796,-591.026449275332
600.5310952650268,-590.5323093771954
600.5527909467104,-590.0381423234088
600.5741044740433,-589.5439438431083
600.5950384917345,-589.049708349942
600.6155963928413,-588.5554340598948
600.6357811788612,-588.0611183832536
600.6555933650712,-587.5667535251272
600.6750362299692,-587.0723373379519
600.6941157968737,-586.5778715332177
600.7128359479518,-586.083358496131
600.7311976993578,-585.5888008058062
600.7492013843055,-585.0942003501727
600.7668450037745,-584.5995544098516
600.7841339150348,-584.1048651037796
600.8010767256303,-583.6101335584576
600.8176806310016,-583.115362607367
600.8339510349964,-582.6205545170653
600.8498920029273,-582.1257076114719
600.8655065025298,-581.630820378092
600.8807974765253,-581.1358954329305
600.8957687783591,-580.6409331758383
600.9104243178981,-580.1459320866111
600.9247686226886,-579.6508907183869
600.938806482967,-579.1558075176455
600.9525429526269,-578.6606813789532
600.9659834038254,-578.1655127293749
600.9791300845695,-577.670289592645
600.9919862778823,-577.1750069523283
601.0045602992984,-576.6796691482335
601.0168567367984,-576.1842802527199
601.0288730013152,-575.6888429709446
601.0406030486087,-575.1933617348175
601.0520359261235,-574.6978321717888
601.0631684666374,-574.2022556040152
601.0740062620393,-573.7066334752903
601.0845536642123,-573.2109691884679
601.0948116275971,-572.7152680970105
601.1047785340693,-572.2195303649647
601.1144516804169,-571.7237531491426
601.1238280769552,-571.227936740223
601.1329069748556,-570.7320825270662
601.1416892780866,-570.2361900249457
601.1501772282085,-569.7402587699677
601.1583740249694,-569.24428847278
601.1662836061598,-568.7482784891142
601.173910815059,-568.252229270275
601.1812601564513,-567.756134000925
601.1883356434746,-567.259987424598
601.1951460074065,-566.7637925345367
601.2017001790517,-566.2675526854968
601.2080034585398,-565.7712697154343
601.214059073649,-565.2749473459953
601.2198674072655,-564.7785836463136
601.2254324813413,-564.2821783755113
601.2307671782712,-563.7857335348668
601.2358842337985,-563.2892514717824
601.240793803027,-562.7927370621097
601.2455035627869,-562.2961918307068
601.2500196866614,-561.7996138231033
601.2543482084393,-561.3030019933358
601.2584950870139,-560.8063571949538
601.262464619164,-560.3096794528843
601.2662593144312,-559.8129688044424
601.2698804249851,-559.3162254966539
601.2733285623541,-558.8194494447465
601.2766035843988,-558.322640407149
601.2797044399193,-557.825791720976
601.2826277693736,-557.3288907400635
601.2853754779339,-556.831939958704
601.2879517405585,-556.3349458329495
601.2903563936997,-555.8379102987425
601.2925855481161,-555.3408366030277
601.2946330283704,-554.8437246171319
601.296491542108,-554.3465698189492
601.2981686037095,-553.8493756038656
601.2996751651658,-553.3521439984297
601.301020121078,-552.8548815917449
601.3022094025995,-552.3575926670915
601.3032473611405,-551.860275356733
601.3041380114897,-551.3629269072483
601.3048864195496,-550.8655465396453
601.3054990222801,-550.3681337748073
601.3059831507722,-549.8706886414508
601.3063464128859,-549.3732121437234
601.3065963242319,-548.8757050729868
601.3067399706928,-548.3781677488564
601.3067803273987,-547.8805981076792
601.3067126650569,-547.3829872063517
601.3065301890551,-546.8853342157881
601.3062257016724,-546.387643807662
601.3057882465287,-545.8899196856273
601.3052026627823,-545.3921661090478
601.3044515138431,-544.8943868193156
601.3035132963355,-544.3965772568268
601.3023742562787,-543.8987401593284
601.301026573768,-543.4008779580719
601.299464393702,-542.9029949792961
601.2976811242091,-542.4050948337222
601.2956711215622,-541.9071759507391
601.293430468328,-541.4092351861353
601.290957910494,-540.9112706973626
601.2882555919135,-540.4132807215371
601.285328472724,-539.9152649127194
601.2821838565106,-539.4172235541491
601.2788307235462,-538.9191560075049
601.2752788595807,-538.4210621439212
601.2715368021891,-537.9229410377017
601.2676098255273,-537.4247876277933
601.2635032261718,-536.9266012872054
601.2592240191952,-536.4283851190581
601.2547786025548,-535.930141848029
601.2501707278453,-535.431871811952
601.2454022559078,-534.933575360331
601.2404722274807,-534.4352492594492
601.2353837149202,-533.936894205743
601.2301439551769,-533.4385115363439
601.2247611074616,-532.9401031187766
601.219242606305,-532.441671793048
601.213595516301,-531.9432177190334
601.2078274748138,-531.4447391400474
601.2019474420404,-530.9462347312349
601.1959653179142,-530.4477025765683
601.1898866064424,-529.9491420337787
601.1837117299195,-529.4505542514747
601.1774367998205,-528.9519391491995
601.1710555939653,-528.4532966598805
601.1645606593239,-527.9546275005058
601.1579453331491,-527.4559355643261
601.1512024340893,-526.9572236526568
601.1443236807174,-526.4584904349542
601.1373012746993,-525.959736276958
601.1301282883902,-525.4609622407456
601.1228016099983,-524.9621673326433
601.1153260554529,-524.4633550524452
601.1077063557931,-523.964526294647
601.099943462914,-523.4656782448114
601.0920361812279,-522.9668075195202
601.0839806003034,-522.467912476635
601.0757715120601,-521.9689947541674
601.0674027424212,-521.470056705827
601.0588681777376,-520.9710995265893
601.0501630327519,-520.4721229530497
601.0412825966878,-519.9731272120965
601.0322210047517,-519.4741148058681
601.02297389559,-518.9750875620863
601.0135399792797,-518.4760458221492
601.0039206171697,-517.9769906589584
600.9941216793198,-517.4779275971213
600.9841521782201,-516.9788624505252
600.9740130486342,-516.4797921436292
600.963695961378,-515.9807153975346
600.9531895997551,-515.4816341620511
600.9424852770173,-514.9825477733684
600.931584333561,-514.4834617882259
600.9204854283129,-513.984381725893
600.9091735577783,-513.4853023388306
600.8976320127335,-512.9862166120207
600.885849909854,-512.4871185410536
600.8738229214518,-511.98800703718774
600.8615520738127,-511.48888350110457
600.8490417480112,-510.9897484277551
600.8362995902655,-510.49060073345413
600.8233358984519,-509.9914397990436
600.81015779282,-509.4922675822621
600.7967700052744,-508.9930840710769
600.7831764305905,-508.4938866614591
600.7693818468402,-507.99467523641886
600.7553925384852,-507.49544815816586
600.7412196192561,-506.9962083756397
600.7268721659665,-506.496955957793
600.712358182161,-505.99769159335693
600.6976867864951,-505.49841803316696
600.6828706032738,-504.99913541376907
600.6679277780895,-504.4998427751068
600.6528812907255,-504.00054292181864
600.6377480618596,-503.50123263709025
600.6225441547451,-503.0019083521017
600.6072880008836,-502.50256734181664
600.5920011170242,-502.0032095821443
600.5767042549545,-501.50383684880256
600.5614146638131,-501.0044506479264
600.5461456758682,-500.5050510679937
600.5309119793787,-500.00563774290464
600.515727203353,-499.5062123756257
600.5006025607178,-499.0067769440855
600.4855442619905,-498.5073321394191
600.4705544665179,-498.0078794483016
600.4556331102602,-497.5084169506764
600.4407857833064,-497.00894910386245
600.4260137044839,-496.50947748004876
600.4113104649737,-496.0100016664974
600.3966649517058,-495.5105238355307
600.3820661762982,-495.0110449951865
600.3675071785267,-494.5115640421556
600.3529892861762,-494.0120860403623
600.3385049314567,-493.5126117857632
600.324037363053,-493.01313670060455
600.3095693987938,-492.51365648786697
600.2950887330392,-492.0141694571444
600.2805896703212,-491.5146789823623
600.2660693400907,-491.01518893042487
600.2515233646458,-490.51570061134987
600.2369541241493,-490.0162150290538
600.2223677496078,-489.5167355496771
600.2077703289515,-489.01726411090397
600.1931655310108,-488.51780403998913
600.1785531107058,-488.01836016611804
600.163927719723,-487.5189309522903
600.1492944790226,-487.0195170192549
600.1346607625932,-486.52011885407023
600.1200303097618,-486.02073868620135
600.1054025156743,-485.52138005044367
600.0907739820616,-485.0220432023918
600.0761400129115,-484.5227260830532
600.0614959575357,-484.0234277236772
600.0468366081675,-483.52414819297786
600.0321549130404,-483.0248865855081
600.0174431561611,-482.5256423761412
600.0026932521655,-482.0264159260504
599.9878968784315,-481.527208239753
599.9730455363308,-481.0280202764811
599.9581315011411,-480.52885257106016
599.94315694052,-480.0297051359151
599.9281376643942,-479.5305775371286
599.9130997548834,-479.0314690817221
599.8980754577684,-478.53237969739286
599.8831007881049,-478.0333096747402
599.8682150233129,-477.5342589477658
599.8534601000246,-477.03522729448684
599.8388812539862,-476.5362145854589
599.8245176579783,-476.0372186496965
599.8104020079629,-475.53823705099893
599.7965623658417,-475.03926844838566
599.783023708712,-474.540312114916
599.7698082156446,-474.04136799773
599.756934407532,-473.542437665063
599.7444067709081,-473.0435197895645
599.7322222763962,-472.5446127897357
599.7203748759429,-472.04571509133916
599.7088558171348,-471.5468251270065
599.697653622874,-471.04794185334674
599.6867534345223,-470.5490647987539
599.6761369470785,-470.0501938791774
599.6657827104623,-469.55132906138385
599.6556664918465,-469.05247017137896
599.6457623681621,-468.5536162924522
599.636044024613,-468.05476588415485
599.6264844920872,-467.55591783724196
599.6170563096566,-467.05707156853583
599.6077320459104,-466.55822720240076
599.598487333916,-466.0593854624237
599.5893025964953,-465.5605469998471
599.580161848177,-465.06171208524023
599.5710515868927,-464.5628807110853
599.5619597808036,-464.06405273416453
599.5528756930554,-463.5652277617629
599.5437910966907,-463.06640559869464
599.534699859141,-462.56758621138056
599.5255966882132,-462.068769723287
599.516476355873,-461.5699562194184
599.5073332406524,-461.07114571922546
599.4981613112369,-460.572338228802
599.4889540623957,-460.07353378309716
599.4797046362241,-459.57473239071606
599.4704058052026,-459.0759339928744
599.4610498953182,-458.5771385226998
599.4516287242315,-458.0783458968751
599.4421336189422,-457.5795561108704
599.432555428009,-457.0807692243388
599.4228839274837,-456.58198529672086
599.4131091587618,-456.08320449758577
599.4032220430454,-455.58442698631904
599.3932136480094,-455.08565291038474
599.3830746465572,-454.58688248004006
599.3727951536504,-454.08811591017775
599.3623643181113,-453.5893533282965
599.3517728981386,-453.09059484773087
599.3410132756188,-452.59184050539545
599.3300780582368,-452.09309050927027
599.3189596640884,-451.59434484458376
599.3076505536043,-451.0956031199652
599.2961432769014,-450.5968650818628
599.2844308762957,-450.098130743801
599.2725078050082,-449.5994000779969
599.260375154422,-449.1006728263948
599.2480426558047,-448.6019482950811
599.2355269221792,-448.10322520231205
599.2228487336218,-447.6045024812708
599.210031209832,-447.1057791966003
599.1970990874058,-446.6070547124402
599.1840779213172,-446.1083287552489
599.1709934997629,-445.6096010413019
599.1578706921821,-445.1108711364129
599.1447325300082,-444.61213855088874
599.1315992327397,-444.11340279117115
599.1184876118034,-443.61466335040126
599.1054109318297,-443.11591979914317
599.092378957626,-442.6171718764203
599.0793977483627,-442.1184194625247
599.0664699660955,-441.619663290347
599.053594671841,-441.1209053769622
599.0407674553852,-440.6221473101717
599.0279811217282,-440.12338994176866
599.0152263737797,-439.62463417493075
599.002492395148,-439.12588120035963
598.9897673283457,-438.627132894938
598.9770378290018,-438.12839271324293
598.9642887135483,-437.6296639790553
598.9515040924049,-437.13094920126855
598.9386688285416,-436.632248631498
598.9257671520278,-436.13356115683575
598.9127814472888,-435.6348862610454
598.8996946058071,-435.13622420834344
598.8864907000634,-434.6375753062372
598.8731549580561,-434.1389399616261
598.8596747014406,-433.64031846489763
598.8460368076779,-433.14171125743667
598.8322264306864,-432.64311894177445
598.8182294743935,-432.14454182710807
598.8040334644558,-431.64597984298166
598.7896275046787,-431.14743211950014
598.7750015986164,-430.6488977505755
598.7601464956994,-430.15037631201005
598.7450536511801,-429.65186761738187
598.7297173099639,-429.1533714355376
598.7141392024423,-428.65488703413547
598.6983279330443,-428.15641258213174
598.6822977285051,-427.6579465301431
598.6660653583301,-427.1594877585747
598.6496491979154,-426.66103559410374
598.6330688071188,-426.1625897236188
598.6163458106372,-425.6641498538022
598.5995020662629,-425.1657154900401
598.5825583575611,-424.66728599059707
598.5655328773671,-424.16886068547313
598.5484402151112,-423.67043916167114
598.5312925140471,-423.1720210469695
598.5141003723052,-422.6736059118352
598.4968712267115,-422.17519333223674
598.4796089177454,-421.67678247917075
598.4623141114408,-421.1783718267376
598.4449849977353,-420.6799603000411
598.4276172787507,-420.1815476669145
598.4102042656181,-419.6831339642316
598.3927372068024,-419.18471902942747
598.3752055097859,-418.6863021798485
598.3575972223315,-418.187881648587
598.3398997711347,-417.68945635940304
598.322099834091,-417.1910260249579
598.304181693807,-416.6925915881498
598.2861293205113,-416.19415391060323
598.2679303321793,-415.69571334208723
598.2495824876677,-415.19727000609004
598.2311035057028,-414.69882363593115
598.212525805276,-414.20037356243313
598.1938914893332,-413.7019190010705
598.1752514548032,-413.203457827095
598.1566670808952,-412.7049874850708
598.1382031804205,-412.20650556493723
598.119925494187,-411.70801045794695
598.1018960761174,-411.2095026285262
598.0841704082903,-410.7109827392952
598.0667960413351,-410.2124505095311
598.0498142642437,-409.7139058451296
598.0332587995108,-409.215349257128
598.0171560942255,-408.7167821678271
598.0015246902518,-408.2182079152868
597.9863742945142,-407.71962967674295
597.9717051375486,-407.22105009887764
597.9575074091352,-406.72247061459484
597.9437641425352,-406.22389090512564
597.9304587297262,-405.725310595237
597.9175853086514,-405.22672962180815
597.9051482311169,-404.7281481020754
597.8931586233132,-404.22956662622886
597.8816281815574,-403.7309864503156
597.870572409587,-403.2324079576594
597.8600100843506,-402.7338306413266
597.8499603144128,-402.2352538449568
597.840439653931,-401.7366769494494
597.831460988979,-401.2380996328685
597.8230320901216,-400.7395219979063
597.8151564307927,-400.2409443780523
597.8078394592778,-399.74236706282204
597.8010931527691,-399.24379014847796
597.794933373159,-398.7452137892537
597.7893774316826,-398.24663799266443
597.7844412649197,-397.7480629068604
597.7801386931642,-397.24948897460297
597.7764793921307,-396.7509169986525
597.7734688199855,-396.2523476495905
597.7711100818433,-395.7537815497717
597.7694028717996,-395.25521912820744
597.7683477580251,-394.756660764933
597.7679505064046,-394.2581070485267
597.7682184883339,-393.7595590353474
597.7691612615312,-393.261017483054
597.7707907890808,-392.762482820028
597.7731179956976,-392.2639556250983
597.7761503612098,-391.76543616209216
597.7798915946254,-391.2669229653164
597.7843395989439,-390.7684143265365
597.7894876685014,-390.2699096237746
597.7953238612569,-389.7714088828752
597.8018318891113,-389.2729120609295
597.8089939592819,-388.7744185416752
597.8167937763683,-388.27592503019366
597.8252178074837,-387.7774287198698
597.8342571574732,-387.2789285127432
597.8439078949008,-386.7804240506053
597.8541707475515,-386.28191551233465
597.8650586807651,-385.78340464099944
597.876597005222,-385.28489359161847
597.8888199628774,-384.7863841352141
597.9017651771288,-384.28787781562863
597.9154639156105,-383.7893759026834
597.9299338702717,-383.2908784023069
597.9451903492619,-382.792387320836
597.9612446248898,-382.2939049365544
597.9781041360549,-381.7954336029039
597.9957721611238,-381.2969758525113
598.0142509980202,-380.7985337490576
598.03354765915,-380.30011002407394
598.053683850875,-379.8017078524988
598.0746656726387,-379.3033278136073
598.0964889947347,-378.80497086011604
598.119154151002,-378.3066414496526
598.142681137391,-377.8083447953336
598.1671176326316,-377.3100923761611
598.1925136138152,-376.8118949449021
598.218876615328,-376.3137502571102
598.246198642162,-375.81565090510827
598.2744709622411,-375.31759124458415
598.3036920291975,-374.8195728434487
598.3338619966144,-374.32160033138916
598.3649796889952,-373.82367680857953
598.3970414753012,-373.32580416740194
598.4300454856991,-372.8279847848276
598.4639901134474,-372.33022113360727
598.4988771509646,-371.8325155254059
598.534711523838,-371.3348707030183
598.5715013676456,-370.83728941969395
598.6092559359546,-370.3397737811991
598.6479799203104,-369.84232536025627
598.6876734335701,-369.344945783736
598.7283329985315,-368.8476366117426
598.7699541771509,-368.35039862069533
598.812531642322,-367.8532327151325
598.8560612264373,-367.3561403114792
598.9005398926256,-366.85912381122
598.9459679019409,-366.3621871193274
598.9923470226751,-365.86533196119905
599.0396800968731,-365.36855970317725
599.0879708618066,-364.8718725878279
599.1372225290659,-364.37527308138186
599.1874362630116,-363.8787642186205
599.2386133208547,-363.3823507165047
599.2907511629935,-362.88603355397186
599.3438445038338,-362.3898124290841
599.3978871120522,-361.8936865935649
599.4528746910576,-361.39765480419794
599.5088041646889,-360.90171557672033
599.5656741612161,-360.40586890455523
599.6234856429821,-359.9101171389354
599.6822434217729,-359.41446285348434
599.7419549647968,-358.91890694863764
599.8026284061564,-358.4234485635077
599.8642676204096,-357.92808384224816
599.9268725000456,-357.43281087685756
599.9904412525433,-356.9376313395501
600.0549760524553,-356.44255853632865
600.1204817750897,-355.947595018156
600.1869551698185,-355.45273809505704
600.25438726047,-354.9579881913123
600.3227698310441,-354.46334800969737
600.3921041228349,-353.9688201677509
600.4624051594869,-353.4744225165914
600.5336855775167,-352.9801601179335
600.6059440682793,-352.48602719724937
600.6791773492856,-351.99201565689026
600.7533856937915,-351.4981201023597
600.8285735644602,-351.0043404759771
600.9047490018472,-350.5106785042083
600.9819206384792,-350.01713703468687
601.0600961018984,-349.52371926402895
601.139281600758,-349.0304270464106
601.2194824012867,-348.537260810341
601.3007040143075,-348.04421612574976
601.3829500925785,-347.551288818219
601.4662238726445,-347.0584782512471
601.5505291877762,-346.5657939367559
601.6358782641897,-346.0732509288401
601.7222781173558,-345.58084734999966
601.8097252210865,-345.08857764564897
601.8982100617303,-344.596443121283
601.987730822282,-344.104449538226
602.0783003776407,-343.61261013805944
602.1699449702453,-343.12095528127105
602.2626777543528,-342.6294848373886
602.3565018875917,-342.1381908985925
602.451420387771,-341.6470609404255
602.5474402676676,-341.15609111804724
602.644570953198,-340.6652837596065
602.7428219233755,-340.17464425909003
602.8422011887732,-339.68417920310765
602.9427133856134,-339.1938957077373
603.0443606357019,-338.7037982455588
603.1471430147537,-338.2138880214419
603.2510588813735,-337.7241594392512
603.3561028751881,-337.23460616120923
603.4622674222126,-336.7452260193437
603.5695445707606,-336.2560272121942
603.6779301339903,-335.7670138690932
603.7874108736842,-335.2781804884904
603.8979644368967,-334.7895235314405
604.009564911871,-334.3010456401658
604.1221922356998,-333.81275040489294
604.2358362825778,-333.3246531051089
604.3504911929796,-332.83676806949074
604.4661383366681,-332.34908272471404
604.5827528682972,-331.86158001114677
604.7003108646308,-331.37424704808564
604.8187917752472,-330.8870810015178
604.9381777471644,-330.4000827277768
605.0584515510438,-329.91325213791737
605.1795958081408,-329.4265896193871
605.3015932924858,-328.9400969360836
605.424426821743,-328.4537748902247
605.5480778279975,-327.9676251604287
605.6725239663278,-327.48164501308196
605.7977289522117,-326.99582662993635
605.9236439716525,-326.5101600780257
606.0502142432836,-326.02463728445065
606.1773809875704,-325.5392386888262
606.3050776275859,-325.0539431398137
606.43323405914,-324.56873516466965
606.5617782288116,-324.08360264324756
606.6906430548852,-323.5985346724454
606.8197695349122,-323.1135347188055
606.9491055164516,-322.6285880550232
607.078598793492,-322.1436709177229
607.2082019120469,-321.6587592492286
607.3378712742348,-321.17383761314306
607.4675526416473,-320.68889316070806
607.5971800754223,-320.2039090625354
607.7266802915386,-319.71886519170715
607.8559793121783,-319.23374288115184
607.9850034321144,-318.74852517361455
608.1136776678138,-318.26319896857746
608.2419261610133,-317.77775436196316
608.3696801860042,-317.29218005064286
608.4968800875325,-316.8064635666434
608.6234755391711,-316.3205962389539
608.7494144880798,-315.83455621884184
608.8746276555022,-315.3483177214956
608.9990345430137,-314.86186044046445
609.1225506259418,-314.3751704670909
609.2450954044368,-313.88823584227555
609.3665937827477,-313.40105970847685
609.4869753340676,-312.913631304592
609.6061730316891,-312.42592589486264
609.724126618632,-311.93791781055353
609.8407877998796,-311.44959039703195
609.9561063253656,-310.960934129791
610.0700162295342,-310.47193722376943
610.1824415382049,-309.9825850588977
610.2933026053806,-309.4928640803853
610.4025232515174,-309.0027639931071
610.5100303184889,-308.5122785023455
610.6157538257846,-308.0214074764008
610.7196318805211,-307.5301510854255
610.821617407545,-307.0385094358352
610.9216798132051,-306.5464893908327
611.0197835076833,-306.05408026440983
611.1158726767457,-305.5612664449509
611.2098783080883,-305.06804048473305
611.3017264583971,-304.5744062197456
611.3913496968063,-304.08036991731757
611.4786933842123,-303.5859547829991
611.563696414033,-303.091170840275
611.6463029253995,-302.5960045009046
611.7264722380161,-302.1004415802281
611.8041814085962,-301.60447861111646
611.8794098287924,-301.10812264206106
611.9521197340013,-300.61138103085096
612.0222592555939,-300.11425823436974
612.089766753623,-299.6167583390043
612.1545773068484,-299.11888829951727
612.2166229690066,-298.62065722094167
612.275832612818,-298.1220785728498
612.3321368251807,-297.6231670574403
612.3854826624773,-297.12393650338316
612.4358264981063,-296.62440183831364
612.483103692357,-296.1245708485666
612.5272087977785,-295.6244411186656
612.5680329335917,-295.1240179052275
612.6054710971931,-294.62331887207
612.6394228693899,-294.12236768672295
612.6698093894394,-293.621194926034
612.6965553747117,-293.11983818335807
612.7195572139192,-292.6183121875695
612.7387166031774,-292.11662292897597
612.7539460492611,-291.61477735589295
612.7651713828762,-291.1127931211243
612.7723541277167,-290.61088264043934
612.7755444735925,-290.1105353579961
612.7748114486436,-289.61407902543436
612.7700990918546,-289.12232923262883
612.7613515143531,-288.63523080027363
612.7486838845997,-288.1535488481167
612.7322696022027,-287.6781851156137
612.7121509352894,-287.2088298632221
612.6883975627976,-286.7451758609547
612.6611962556899,-286.2875998064513
612.6307130212476,-285.8364535320098
612.5970119541465,-285.3915932727485
612.5601536887746,-284.9528008566784
612.5202742646952,-284.52010166648654
612.4775120240727,-284.0935532670063
612.4319689911371,-283.6730765933789
612.3837420382762,-283.258565331983
612.3329399702471,-282.8499786320696
612.2796778640092,-282.447275896299
612.2240545088158,-282.0503997754821
612.166155744284,-281.65931440114457
612.1060667943873,-281.27399345025384
612.0438731737122,-280.8943818534906
611.9796499991542,-280.520413421359
611.9134511258211,-280.15207069394364
611.8453138793208,-279.7893755898469
611.775267750005,-279.4323115658408
611.7033373629155,-279.0808190895893
611.6295557767812,-278.73485212400175
611.5539739527088,-278.39440512794795
611.4766647804946,-278.05948458890634
611.397724691127,-277.7300601335057
611.3172470771732,-277.406072975598
611.2352981876247,-277.08747436826854
611.1519357195125,-276.77423377140065
611.0672502159778,-276.4663649112784
610.9813404712615,-276.1639096062706
610.894255860878,-275.86686084447956
610.8059946013603,-275.5751686442828
610.716555072267,-275.2888012893987
610.6259725777695,-275.00778324764605
610.5342614755147,-274.732185486309
610.4413354919064,-274.4620626042404
610.3470476246367,-274.1974200945295
610.2513413784378,-273.9382541981105
610.1543309165743,-273.68457429017747
610.0561668669237,-273.4363766530711
609.9569395210543,-273.19362376175627
609.8567093986571,-272.956253156196
609.7555415776358,-272.7242082364428
609.6534859717791,-272.49741467645805
609.5505847659625,-272.27580941805013
609.4468852965078,-272.0593350405019
609.3423616550774,-271.84786688519733
609.2368055990066,-271.6410629330925
609.1303065335571,-271.4391224021127
609.0230403556288,-271.24237713435934
608.9148808979159,-271.0506290809259
608.805771284337,-270.8636626680369
608.6958131631047,-270.68143793934314
608.5849051599328,-270.5036573648287
608.4728542926009,-270.32989958407813
608.3597131247535,-270.1600424276032
608.2457331363607,-269.9940548934659
608.1312437994598,-269.83159085764066
608.0162179021052,-269.6719103690587
607.8999909168209,-269.5138268872071
607.7817960783905,-269.3565158911298
607.661298183431,-269.1999805739786
607.5382877246881,-269.04435379350883
607.4123624992526,-268.88947312409937
607.2832418736044,-268.73527422372393
607.1508866542656,-268.58185795242844
607.0151709678224,-268.42921167546467
606.8758713794168,-268.27730534779806
606.7328547977528,-268.126288270361
606.5861714130905,-267.97630868969236
606.4359847711866,-267.82735171840034
606.2825902852705,-267.67941483718937
606.1262927153524,-267.5325289641943
605.9672711799032,-267.38671819868154
605.8055684033078,-267.2419545254972
605.6412954235398,-267.098245625091
605.4746465253631,-266.9556478456242
605.3057637704939,-266.81418435831324
605.1343849491543,-266.6735972098833
604.9594142342885,-266.5330759419326
604.7798393371911,-266.39207196180905
604.5954679734733,-266.25056699174314
604.4064987445062,-266.10846007750564
604.2127352046464,-265.96530402788915
604.0138759383606,-265.8209458822045
603.809742404675,-265.67560952771623
603.5999751314367,-265.52946525824933
603.3842680647028,-265.3824846648234
603.1626534084317,-265.23462335947863
602.9352417015342,-265.08583274612926
602.7019587672264,-264.9360120574076
602.462666502773,-264.7851168276169
602.2173190875812,-264.63339755717675
601.965994875106,-264.4808997275137
601.7088044420617,-264.3273882167339
601.4455113952873,-264.1727741118776
601.1757161993133,-264.01712863954185
600.8991024967657,-263.86056895206997
600.6156207948451,-263.70314997512344
600.3254039424411,-263.5448531397173
600.0286489845097,-263.38566534897745
599.7255162784571,-263.225604101146
599.4160955809059,-263.06467901136375
599.100404891672,-262.9029402004767
598.77851268475,-262.7404511991729
598.450600504099,-262.5773549367076
598.1170139259114,-262.41391234902113
597.7780065800554,-262.2503366999243
597.4336616504686,-262.08672817815017
597.0840710066843,-261.92317579523655
596.729396814747,-261.75975455533774
596.3697816526112,-261.5965310934881
596.0053008194454,-261.433454556626
595.6359840558735,-261.2704501330234
595.2618060725282,-261.10747712394766
594.8826876103881,-260.9445310851456
594.4985865384813,-260.78168543824654
594.1094936379862,-260.6190036524686
593.715396549208,-260.4564598763031
593.3163228971895,-260.29401863926154
592.9123795606815,-260.13167539526063
592.5037278279918,-259.96939845704986
592.0904958008055,-259.8070898963465
591.6727564629982,-259.644590991445
591.2505412972142,-259.4817455244517
590.8238641374309,-259.31843325011346
590.3927578734181,-259.1545965526447
589.9572535711538,-258.99014379571753
589.517374488437,-258.8249219444667
589.0735152656042,-258.6588676880712
588.6276292345738,-258.4924443846342
588.1821576477018,-258.3262901241512
587.7378054804883,-258.1604450449981
587.2944945290025,-257.99470635402304
586.8533221940812,-257.82932555467943
586.416511278403,-257.6649985182801
585.9852356638374,-257.50204540880014
585.5580395946355,-257.3398004290534
585.1343803154872,-257.17793248246755
584.7151234494356,-257.016654229204
584.3006387747198,-256.8559413729215
583.8906207710072,-256.695501631407
583.48500836749,-256.53515623311876
583.0840253378493,-256.3748476650324
582.6876753781921,-256.2142936333368
582.2957873479643,-256.0532225430363
581.908297158565,-255.89159407705185
581.5252707746808,-255.72947343181653
581.1468074094041,-255.56689946698268
580.7730206651844,-255.40383746072067
580.4040882157998,-255.2402652840469
580.0402011590139,-255.07601669977484
579.6813164843509,-254.9108874929078
579.327290581113,-254.74484260151
578.978081333418,-254.57788754689852
578.6337170777554,-254.40993804829705
578.2942209280691,-254.24081765815396
577.959679208873,-254.0704129772774
577.6302174669169,-253.89872893658517
577.3059720908326,-253.7257507895926
576.9869872199168,-253.55140589821102
576.6732479327055,-253.37567208696507
576.36469378703,-253.19862394092272
576.0612428854085,-253.02043002621838
575.7628079715662,-252.8412405679704
575.4692725779364,-252.66111378139195
575.1805882117833,-252.48002619763815
574.896802605216,-252.29788308550403
574.6180222406765,-252.11459444305953
574.3443877468698,-251.9300839654032
574.0757933310397,-251.74417822846735
573.8121447740548,-251.55685481074323
573.5534364253814,-251.36813611122938
573.2997250037457,-251.17788446256986
573.050905761923,-250.98612561206335
572.8069492755899,-250.79321666874597
572.567872033756,-250.59966514168664
572.3337325513132,-250.40591149384957
572.1045956748235,-250.21224511349936
571.8806395483103,-250.01890375794633
571.6616075387751,-249.8258829266853
571.446519137234,-249.63253370178114
571.2333955407258,-249.43699448220616
571.0198337792298,-249.23678078148174
570.8053078042543,-249.03158849937836
570.5900938258092,-248.82200892518438
570.3733351379651,-248.60715226967514
570.1543956918493,-248.3861029656478
569.9336871915848,-248.1589962627036
569.7114967277641,-247.9258035280797
569.4876585834921,-247.6860625830278
569.2622896351261,-247.4397474608163
569.0358932115464,-247.1873224695157
568.808736338169,-246.92890594382138
568.580830695968,-246.66425855139133
568.3523498818187,-246.39339971561066
568.1235925811691,-246.11653932302
567.8947453551118,-245.83371272267118
567.6659428210739,-245.54490909589015
567.4373520710346,-245.25025065588656
567.2091313305206,-244.94984436116607
566.9814000717877,-244.64369673554913
566.7543200223873,-244.33173601899477
566.5279196990086,-244.01400311353774
566.3022040398927,-243.69055893985947
566.0771975243705,-243.3615773426264
565.8530047965197,-243.02724793040045
565.6297306424409,-242.6876391794407
565.407475362122,-242.3427411383969
565.1864205406022,-241.99264327201553
564.9665686543152,-241.637566181747
564.7478164431542,-241.27752366922724
564.5300885187121,-240.91230294330123
564.3134187781442,-240.54168978010023
564.0978764915609,-240.1656500203331
563.8835017517144,-239.78424164111067
563.6703029890294,-239.39759046920915
563.4583307882074,-239.00575270279185
563.2476676007224,-238.6086930395922
563.03836932235,-238.20640565154724
562.8304563882967,-237.79889360042108
562.6239332608602,-237.38619753079078
562.4188285518328,-236.9683414485777
562.2152184367962,-236.54524630763495
562.0131715631851,-236.1168829803946
561.8127080035563,-235.68325372980777
561.6138180174501,-235.24439032115086
561.4164867131104,-234.80035434833766
561.2207968734493,-234.35113410703002
561.0270967302981,-233.89741905244406
560.8360684814309,-233.44103615071415
560.6481744727224,-232.9831248814599
560.4634244599059,-232.5235862631961
560.2818691220257,-232.06244658120193
560.1037237024892,-231.60026985517575
559.9290453008686,-231.1373417347817
559.7577210774836,-230.67359989871534
559.5896556089265,-230.20920958259222
559.4248102083465,-229.7444200201713
559.2631707470528,-229.27923152658076
559.1046846760553,-228.81361173905336
558.9493028232953,-228.3476033312907
558.796972093885,-227.88122458288822
558.6476135434298,-227.41442207687348
558.5011932957642,-226.9471203446728
558.3576734141311,-226.4793185468456
558.2169892921086,-226.01100397825965
558.0790680380804,-225.54214527505965
557.9438511830231,-225.0727324613854
557.8112974723242,-224.60275400953043
557.6813844613017,-224.13219053913397
557.5540809903848,-223.66103610820812
557.4293596148058,-223.18928939906482
557.3071909858379,-222.7169465722062
557.1875418323586,-222.24399244473057
557.0703772307679,-221.7704152109342
556.9556532518332,-221.29622984952465
556.843320074611,-220.82145435763215
556.7333454657746,-220.34609898516763
556.625711432296,-219.8701706143809
556.5204034158467,-219.39366022114365
556.4174030724353,-218.91656231902772
556.3166994902674,-218.43887721268337
556.2182834796288,-217.96061878520067
556.1221427203576,-217.48180677017172
556.0282587539814,-217.00243982756683
555.9365704069756,-216.5225277615996
555.8470103365368,-216.04207063889567
555.759533607378,-215.5610803638694
555.6741094175371,-215.07958339038512
555.5907124343076,-214.59759375424565
555.5092961362063,-214.11513382652123
555.4297994932494,-213.63223693725615
555.3521873890948,-213.148923433341
555.2764426927494,-212.66521642496787
555.2025509112846,-212.1811384075984
555.1304785463589,-211.69668097953524
555.0601517706517,-211.2118806583576
554.9915278377908,-210.72672171810473
554.9246062531256,-210.24121464045768
554.8594042079991,-209.7553755392219
554.7959487898521,-209.26915471653345
554.73421941697,-208.78260345162516
554.6741770416768,-208.29573431344664
554.6157927018951,-207.80857787862615
554.5590562559802,-207.321155706614
554.50397061948,-206.8333247833587
554.4505194512301,-206.3450274388641
554.3987058445274,-205.85618765070924
554.3485524081973,-205.36681079676168
554.3000503317165,-204.8769856396867
554.2531219944418,-204.38683203238412
554.2076192326026,-203.89662448846698
554.1635087968805,-203.40644626967907
554.1208324893333,-202.91621637291482
554.0796239673039,-202.42579485004464
554.0398821045842,-201.93509683058716
554.0015812619245,-201.4441166056342
553.9646844127492,-200.95287737051302
553.929150514855,-200.46141827618297
553.8949403707193,-199.96979202155129
553.8620108367304,-199.4780582156392
553.8303251302054,-198.98624078709045
553.799863833747,-198.4943194830305
553.7706141572673,-198.00226621593254
553.7425633808414,-197.5100670606334
553.7156946094057,-197.01772227798597
553.6899875885344,-196.52523775492836
553.6654224185367,-196.0326204778721
553.6419824398075,-195.53987846689387
553.6196532313502,-195.04701960886294
553.5984220730069,-194.5540487426411
553.5782769948908,-194.06097117177526
553.5592034377288,-193.56779307234467
553.5411832739243,-193.0745232939674
553.524196623401,-192.58116556125265
553.5082225265083,-192.08772356162143
553.4932380678447,-191.5942044953331
553.4792162420447,-191.10061090649123
553.4661311973733,-190.6069422359695
553.4539619745515,-190.11319165856122
553.442690066967,-189.6193594862999
553.4323002083967,-189.12544104261315
553.4227709301924,-188.63144360991382
553.4140756036675,-188.1373804678653
553.4061905282401,-187.64326035943523
553.3990969183263,-187.14908743393744
553.3927793573522,-186.65486318033106
553.3872250131597,-186.16058797401587
553.3824220572426,-185.66625798431065
553.3783580754634,-185.17187638561427
553.3750207924987,-184.67744921431418
553.372397889312,-184.18298149531032
553.3704793783476,-183.68847355973315
553.369255358822,-183.19392389773887
553.3687147568443,-182.69933079407036
553.3688467290787,-182.20469032850053
553.3696408089281,-181.71001072333115
553.3710856979963,-181.21532958097407
553.3731533117617,-180.72065513880364
553.3758153731627,-180.22598317892852
553.3790615573836,-179.73128765514406
553.3828927979038,-179.23654836536414
553.3873269953167,-178.74170452233594
553.3923669898746,-178.24673275773748
553.3979738331458,-177.75167282309405
553.4041048030105,-177.25655783205195
553.4107268803489,-176.7614195705255
553.417818429838,-176.26627653971096
553.4253642996765,-175.7711278909051
553.4333512180223,-175.2759623420852
553.4417635041951,-174.7807788624255
553.4505833449914,-174.28557875034602
553.4597898888784,-173.79036079102823
553.469361443989,-173.29511762982682
553.4792769422429,-172.79984381432516
553.4895140710922,-172.30453660908202
553.5000494132896,-171.8091921004043
553.51085628392,-171.31381245092226
553.521910778549,-170.818439570266
553.5331770453313,-170.32309039454904
553.5446145475822,-169.82776341326823
553.5561977927501,-169.33243121298
553.5679160170262,-168.83706406102291
553.5797666185434,-168.34161712906877
553.5917514244805,-167.8460441755296
553.6038319871298,-167.35037755609332
553.6159608439195,-166.85465176775736
553.628095503237,-166.35890162438724
553.6402022617358,-165.86315214717243
553.6522539527269,-165.36740382899123
553.6642264206899,-164.8716386689304
553.6760942680462,-164.37584415602734
553.6878298447643,-163.8800183705803
553.6994036428517,-163.3841616046333
553.7107851704192,-162.88827292660977
553.721944504736,-162.39235278524504
553.7328526961793,-161.89640277416208
553.7434822212487,-161.4004222746704
553.753804439164,-160.90440401066397
553.7638076475295,-160.40841986527164
553.7734645758004,-159.91252477363733
553.7827149116956,-159.4167288121215
553.7915197929204,-158.92098232289214
553.7998777301372,-158.42520668178082
553.8077974402117,-157.92932915097063
553.8153175115729,-157.4331988350664
553.8224138046207,-156.93686278561665
553.829021581815,-156.44040915539205
553.8350838709001,-155.94391961076875
553.8405655449322,-155.4474637905428
553.8454475396858,-154.95106030531454
553.8497193485946,-154.4546745708924
553.8533725284801,-153.9582751839156
553.856393183929,-153.4618594374749
553.8587636782692,-152.9654286891755
553.8604679031185,-152.46898167180882
553.8614924841712,-151.97251517792978
553.8618279370004,-151.4760294484187
553.861466058971,-150.9795244375098
553.8603978533866,-150.48299906566427
553.8586291416825,-149.98649641862897
553.8561576783478,-149.49005405239774
553.8529603767184,-148.99367947784498
553.8490184057866,-148.49734296391506
553.8443235979765,-148.00099958651438
553.8388675623933,-147.50460716573548
553.8326529802039,-147.00808652703302
553.8256642571087,-146.5114650369209
553.8178670896835,-146.01479674052075
553.8092318220157,-145.51813109443947
553.7997435677574,-145.02151082212995
553.7893954660418,-144.52494574642154
553.7781850751311,-144.0284108047542
553.7661106368009,-143.53187746751397
553.7531673936057,-143.03533315676992
553.7393481297481,-142.538777780715
553.7246443019066,-142.04221702588
553.7090452709439,-141.5456679044631
553.6925388136298,-141.0491497153496
553.6751124472446,-140.5526791057555
553.6567424451257,-140.05624883576093
553.6374015188284,-139.55983313258778
553.6170719498571,-139.06341515898734
553.5957447956908,-138.56699778341326
553.5734153227394,-138.07060159525668
553.5500766338823,-137.57425631963295
553.5257111397179,-137.0780147700292
553.5002992521864,-136.58188228125616
553.4738290121916,-136.0858428543339
553.4462877090763,-135.58987376092875
553.4176566621205,-135.0939610414579
553.3879114542734,-134.59810116717554
553.3570279487544,-134.1022949026454
553.3249863951598,-133.60654710621884
553.2917690881015,-133.11086878962615
553.25736104619,-132.61527224109759
553.22174874956,-132.1197664285822
553.1849184524389,-131.62436070986664
553.1468509391001,-131.12906241639968
553.1075051222605,-130.63385631749435
553.0668375553972,-130.13870472557733
553.0248197179453,-129.6435915038816
552.981444787699,-129.14853723428067
552.93672056513,-128.65358572752152
552.8906518942676,-128.1587824106258
552.8432297545318,-127.66420331222268
552.7944342896982,-127.16985176201548
552.7442489053408,-126.67568779689526
552.6926569218401,-126.18166826061757
552.6396438190567,-125.68778229811947
552.5851993965175,-125.19404516027333
552.529317219415,-124.70047760363869
552.4719936963494,-124.20709686494119
552.4132247063928,-123.71391536230426
552.3530030666234,-123.22093398787167
552.2913240334161,-122.72813845766602
552.2281959517506,-122.23551725564855
552.1636090979204,-121.74308816921005
552.0974730559393,-121.2507496092472
552.0297529479902,-120.75842933617957
551.9604708583863,-120.26613138721217
551.8897116329342,-119.77394963267307
551.8175669138184,-119.28198115389188
551.7440975845949,-118.7903800561531
551.6693279436204,-118.29927126177284
551.5932553787959,-117.8085480486336
551.5158217230379,-117.31800996539343
551.4370077026198,-116.82753333758662
551.3568506841394,-116.3371302309675
551.2754258928854,-115.8468994670425
551.1928055933425,-115.35695482428464
551.109038349105,-114.86739006272714
551.0241413001852,-114.37829795998233
550.9380828370801,-113.88959236057018
550.8508120804805,-113.4011380917274
550.7622784831957,-112.91285828873966
550.6724140957984,-112.42473765810527
550.581139666889,-111.9367368526052
550.4884206649201,-111.44885025741078
550.3942691196908,-110.96112456288893
550.2987302088237,-110.47364224959625
550.2018433142501,-109.98646320821265
550.1036282343592,-109.4996740693362
550.0040684665363,-109.0132964809446
549.9031241349023,-108.52727075286964
549.8007491084925,-108.04154701526225
549.696888531392,-107.55610883818017
549.5914694484029,-107.07093971510197
549.4844117740753,-106.5860128030849
549.3756424131661,-106.10130561390115
549.2651132705423,-105.61682635657515
549.1528059441205,-105.13261002596428
549.0387389413418,-104.64873102734981
548.9229426040815,-104.16527456820248
548.805435672422,-103.6822988569021
548.6862004143059,-103.19982875239927
548.5651520486746,-102.71779169146238
548.442252420385,-102.23613127906833
548.317506525391,-101.75484581756841
548.1909647032046,-101.27398339077266
548.0626955537618,-100.79359818171562
547.9327777686093,-100.31378315897484
547.8012727897973,-99.83460917770178
547.668210996472,-99.35601976312033
547.5336136401202,-98.87792933007148
547.3975076058582,-98.400277098628
547.2599311028226,-97.92304275915014
547.1209174695958,-97.44622600970982
546.9804830928588,-96.96983624728716
546.8386140369245,-96.49389965499377
546.695243109807,-96.01845671591451
546.5502714129348,-95.5435461154891
546.4036165864936,-95.06919289505696
546.2552199951837,-94.59541367250034
546.1050211900372,-94.12223817183639
545.9528486558511,-93.64963462364724
545.7985073638982,-93.17752560081543
545.6418874580818,-92.70588497581193
545.4830129972711,-92.23479451336999
545.3219769534691,-91.76439810512582
545.1590696665496,-91.29501068479927
544.9944120362084,-90.82691667546754
544.8277014265777,-90.36009410958721
544.6585609875004,-89.89429141114051
544.486628286144,-89.42918260376058
544.3116586978606,-88.96461379287183
544.1334515554596,-88.50039711819052
543.9520844426452,-88.03671138989634
543.7677517415904,-87.57399521962166
543.5806682549081,-87.1126080554804
543.3909989590063,-86.65273929913641
543.1987853918497,-86.1943559177053
543.003953754181,-85.73727551525934
542.806491599188,-85.28137925032614
542.6064888734757,-84.82671442274899
542.4040332342623,-84.37338028070371
542.1991657282348,-83.92146148891858
541.99187061419,-83.47101335374906
541.7820726299278,-83.02204085193388
541.5696017737446,-82.57442254093088
541.3543263868646,-82.12806371302786
541.1361823850475,-81.68296703727893
540.915133513951,-81.23916762487009
540.6911587137522,-80.79671158731239
540.4642592952054,-80.35566373272101
540.2344908833704,-79.91608416713854
540.0020224409031,-79.47804059168514
539.7669622127189,-79.04159531826343
539.5293579471776,-78.60681118329171
539.2891990278905,-78.17371368993267
539.0464247387146,-77.74229766359878
538.800874890682,-77.31254037556346
538.5522608033727,-76.88428354044036
538.3005099772923,-76.45748325795282
538.0457171711263,-76.03220744415123
537.7879972320413,-75.60854799550552
537.5274614778817,-75.18660068948088
537.2642107866039,-74.76650802894042
536.998227258205,-74.34834795728776
536.7293127510475,-73.9320093040107
536.4572374915577,-73.51733205138443
536.1819294762436,-73.10427174179387
535.9033725297725,-72.69283609143643
535.6216081998876,-72.28306447180302
535.3368103186,-71.87508852780186
535.0491958935945,-71.46905544408719
534.7589061090248,-71.06504860973175
534.4659571980286,-70.66305356269935
534.1703437482972,-70.26302646704687
533.8721414706346,-69.86494766409501
533.5714125736642,-69.46883645156448
533.2681859697225,-69.0747232646495
532.9624706000272,-68.68261268620901
532.6542610632054,-68.29248799391935
532.3435439171434,-67.90433867192878
532.0302686784739,-67.51811808750723
531.7144794065404,-67.13384708745068
531.3962697278031,-66.75158121583358
531.0756949493905,-66.3713655818594
530.7527838683744,-65.9932317021617
530.4275302147919,-65.61717636683575
530.0999035045497,-65.24317813872462
529.7698688901294,-64.87122009285508
529.4374104894166,-64.50129692208634
529.1025877550934,-64.13344577354012
528.7654821973699,-63.76771039709619
528.4261536170427,-63.404126416928655
528.0846543987242,-63.04272352351136
527.7409823568877,-62.68351217875958
527.3951114514522,-62.326492280927575
527.0470102687086,-61.97165959063497
526.6966648079419,-61.61901964638531
526.3440904970499,-61.26859258042841
525.9893004769735,-60.92039185810186
525.632322164926,-60.574450662958846
525.2731828399537,-60.23080343916587
524.9118905793163,-59.889478880013094
524.5484295833838,-59.55049328818395
524.182769149921,-59.21385208216691
523.8148834985498,-58.879562393286456
523.4447647611532,-58.54764133670869
523.0724250321595,-58.21811293360123
522.6979116335189,-57.89101551543523
522.3212811130378,-57.56639085180765
521.9425864353155,-57.24426336072028
521.5618872428311,-56.92465379839496
521.1791790909737,-56.60758312721172
520.7944419750465,-56.29306896666432
520.4076528491117,-55.981122771729055
520.018796415516,-55.67175950977509
519.6278448092237,-55.364983571641545
519.2347894939015,-55.060805156951915
518.8396707285294,-54.75927097684234
518.4425305278425,-54.46041987348931
518.0434199071308,-54.16428573449268
517.642364846872,-53.870893728507106
517.2393536940152,-53.5802583065386
516.834360974149,-53.29238813074191
516.4273770064933,-53.007299673462526
516.0184091317949,-52.72501522123459
515.6074817672192,-52.44555883180381
515.1946331443129,-52.1689546218563
514.779916693097,-51.89521853847395
514.3633823918483,-51.62436907370234
513.9450187836787,-51.35643942893954
513.5248084356485,-51.09145588325176
513.1027381687263,-50.829435642330516
512.6788127218697,-50.570398770718626
512.2530318758634,-50.31435781097406
511.8254132204236,-50.061319046059275
511.39601226870167,-49.811309384148366
510.96485604711035,-49.56435554336717
510.5319639680375,-49.32048324566728
510.09736455361093,-49.07971161940489
509.66108154328623,-48.84205762650876
509.22314092833045,-48.60754168053213
508.78356736664443,-48.376182316455534
508.34237856145273,-48.147990444023506
507.8995727291009,-47.92297646619326
507.45512428254347,-47.701159216005635
507.00902273870287,-47.48256490662776
506.5612774615084,-47.26722490530219
506.1119085088736,-47.055173375779624
505.66094689701094,-46.846441557625134
505.208430537249,-46.64104817686191
504.7544037497203,-46.439005251618006
504.2988845116002,-46.240331794359406
503.8418644221994,-46.04505554188808
503.3833422730372,-45.85320057605878
502.92333425913245,-45.66478728307191
502.46187960158613,-45.47983653742466
501.99902277887617,-45.298369669266016
501.5348100927309,-45.12040564707707
501.0692842851777,-44.94596643573188
500.60244453768354,-44.77508079213343
500.1342790503731,-44.6077677631759
499.66478508428565,-44.44404313873319
499.1939827323126,-44.283930532623486
498.7219012965509,-44.12745156519857
498.2485773372416,-43.97462001551565
497.7740605018936,-43.825458236942524
497.29837424219454,-43.68000863621762
496.8215314626232,-43.53830161552736
496.3435508363621,-43.400352745456765
495.8644573791652,-43.26616999850678
495.3842833094466,-43.13575655298569
494.9030671208119,-43.009111501241975
494.42085731920827,-42.88624151184804
493.9376836426285,-42.767176035251104
493.45356088024243,-42.65195188844509
492.96850183903217,-42.540601994882266
492.4825260572107,-42.43315292990936
491.9956611501689,-42.329625270573054
491.5079415094203,-42.23004250100021
491.0193935488036,-42.13443374882322
490.5300417116955,-42.04280275456046
490.03991269273763,-41.9551358168655
489.5490488643874,-41.87140830767304
489.05749877902423,-41.791585761930264
488.5653269355295,-41.71560522940937
488.07261425661443,-41.643364863368376
487.57940245683744,-41.57476298259025
487.08571331356507,-41.50972419097723
486.59157142195625,-41.448194241039836
486.09701965668125,-41.39012899238396
485.60210781254995,-41.335487449527136
485.1068746664996,-41.28423109528093
484.61134326165285,-41.23632587351746
484.1154995089564,-41.19175025238834
483.6192838373484,-41.150558746046066
483.12264249004505,-41.11276438468662
482.62555817428307,-41.07828028956508
482.12808646743275,-41.04697082129804
481.6303491893566,-41.01869336393934
481.13246371914846,-40.99335376528314
480.63455945932077,-40.970923882153514
480.13670215430227,-40.95134015737624
479.63880404137166,-40.93454028527352
479.1407654969133,-40.92048602440632
478.64254067052826,-40.909159422427415
478.14413573435786,-40.90055223879289
477.64558185882134,-40.89465188095257
477.14690984920674,-40.89143909912011
476.64815353103205,-40.89089240997054
476.1493473964733,-40.892987758471946
475.6505161095633,-40.89770167703442
475.15167401158465,-40.90501363160992
474.6528293667495,-40.91490766699938
474.1539871111399,-40.927367002503004
473.6551568056344,-40.94237392994118
473.1563538717579,-40.959908805700785
472.6575970638107,-40.9799520921392
472.15890640814496,-41.00248546563756
471.6603042036031,-41.02749328089263
471.1618036216631,-41.054961713732176
470.6634153068357,-41.084880644631326
470.1651498147933,-41.117250357976246
469.66700506833064,-41.15207454459356
469.16896805569013,-41.1893516145762
468.6710275283813,-41.22907211128175
468.1731863529468,-41.27121892852804
467.67546480071536,-41.31577113097779
467.17791069583825,-41.36270036524216
466.68057976282023,-41.41196238965266
466.1835116394131,-41.46351005180393
465.6867267063337,-41.51729728545653
465.19022480526,-41.573309737628556
464.69400063619327,-41.63154266527103
464.19805358385827,-41.691982784455405
463.70238264789265,-41.75460852205258
463.2069870480667,-41.81938883946237
462.7118592531272,-41.88629081664329
462.21701545107715,-41.95528749065064
461.72247381331334,-42.0263477823208
461.2282480425765,-42.099438408801504
460.7343500995917,-42.174525002504836
460.2407845686748,-42.25157694976466
459.74755178619546,-42.33057062985564
459.2546556039847,-42.411484405286444
458.76210081290463,-42.49429642520077
458.26988699607136,-42.57898558049761
457.7780097456242,-42.665531020746435
457.2864666138354,-42.753908858083314
456.795259702375,-42.84409296370815
456.30439470411085,-42.93606220978274
455.81386721209634,-43.02978872544882
455.32367155259806,-43.125229935276614
454.83380542366876,-43.22233057498959
454.3442695707088,-43.321033883956446
453.8550682032454,-43.421302683035265
453.36622003171766,-43.52312449826791
452.87772745383666,-43.62648459108638
452.3895786077381,-43.73136114154506
451.9017631704547,-43.83773528302264
451.41427707614395,-43.94559370220057
450.92712079672987,-44.054927797262316
450.4402997313692,-44.16572798725497
449.95381748712265,-44.277980151530265
449.46767489476673,-44.39166476845711
448.98187135987075,-44.50675818235816
448.4964045400339,-44.623232965386464
448.01127067850314,-44.74105789556112
447.5264668933775,-44.860196237165596
447.0419888789688,-44.98060589230016
446.5578309328136,-45.102248173389164
446.07398391843003,-45.22508001199228
445.5904362367611,-45.349049950341204
445.10717961972205,-45.47411637476664
444.62421274820014,-45.60025482173268
444.1415387643766,-45.72745626513754
443.65916634529646,-45.8557255824334
443.17709707840055,-45.98506606613091
442.6953283185326,-46.11547462650833
442.2138582689027,-46.246950393598965
441.7326894925188,-46.379495506244076
441.25182499618694,-46.51311336168762
440.7712637653403,-46.64780312120769
440.2910018980838,-46.783558448460596
439.8110347722466,-46.920366104653134
439.33135752879036,-47.05820586087676
438.851966277835,-47.19704935962805
438.37286094891937,-47.33685772711232
437.8940392714202,-47.47758385996718
437.4154942279219,-47.61917607201932
436.9372128290274,-47.761581451859385
436.45917769777014,-47.90474466468366
435.9813680676563,-48.04860513041621
435.50376399893867,-48.19309971814358
435.02634767653734,-48.338168918315404
434.54910699153004,-48.483766677795415
434.07203430709154,-48.629860286580694
433.59512437121964,-48.77642626604919
433.1183710500976,-48.92344490663976
432.6417690826183,-49.07090427670361
432.1653148920919,-49.21879722677715
431.6890083741639,-49.36712246836882
431.2128507099073,-49.51588319308742
430.73684367201463,-49.66508480830253
430.26098700121065,-49.81473169710599
429.7852779732135,-49.96482553456733
429.3097148017923,-50.11536560136665
428.8342998238803,-50.266349188767606
428.3590369527222,-50.41777165594561
427.883928612281,-50.569626415029795
427.40897369347186,-50.721905569306315
426.934165984392,-50.87459878456209
426.45949805622047,-51.02769457361125
425.9849650716519,-51.18118061598925
425.5105643914468,-51.33504303851127
425.03629319139355,-51.4892651383734
424.5621454266867,-51.64382538301296
424.0881107810705,-51.79870425437528
423.61417941230707,-51.9538878704944
423.1403441180297,-52.109365145771235
422.66660152535303,-52.26512377047146
422.19295304587143,-52.42115346436587
421.71940712882014,-52.57744328696327
421.24597163821807,-52.733998031554
420.7726516624733,-52.89083221201566
420.29944875028565,-53.04796567854555
419.8263643765858,-53.205418251265414
419.35339974111986,-53.36320815729033
418.8805570218033,-53.52135172128904
418.40784032516143,-53.679863904893615
417.9352549001589,-53.8387556368658
417.46280297590704,-53.99803159471235
416.990487220809,-54.15770142730136
416.518311097173,-54.317777984147355
416.0462783607879,-54.478271775606395
415.57439105956826,-54.639185162861295
415.1026492271229,-54.800508430039
414.6310504726295,-54.96222369196023
414.1595916115223,-55.12432573143094
413.68826964999283,-55.28681216451758
413.21708001441687,-55.449676530572695
412.74601737016394,-55.612905549412126
412.27507504793215,-55.77648215328491
411.80424521379746,-55.94038828338693
411.333520302747,-56.10460576947829
410.8628939328285,-56.26911646533951
410.3923608390593,-56.43390223492317
409.92191789788643,-56.59894463689275
409.45156273968536,-56.76422555949563
408.9812918323295,-56.92972746247929
408.51109950955754,-57.09543185072009
408.04097585810143,-57.261316278876215
407.57091408135904,-57.42737007180283
407.1009123639885,-57.593591045282174
406.6309719018027,-57.759979062047634
406.1610934709759,-57.926531290989196
405.69127671427435,-58.09323935308295
405.2215186633885,-58.2600905432597
404.7518182528763,-58.42708810768028
404.2821760296782,-58.59424104474184
403.812592208363,-58.761556373088496
403.34306682986875,-58.92903574269172
402.8735993598416,-59.096677592556446
402.40418876974945,-59.26447913613424
401.9348337261869,-59.432437355677685
401.46553309456345,-59.600549520788256
400.9962859862105,-59.76881327681672
400.5270917926668,-59.93722614303615
400.057950616219,-60.10578496799122
399.58886219054347,-60.274485895315244
399.11982520470326,-60.44332344035366
398.6508355965966,-60.61228572789567
398.1818905989923,-60.78136635544782
397.71298940131703,-60.95056546281433
397.24413166604427,-61.1198827759921
396.7753156962448,-61.289313974402376
396.3065386147702,-61.45884982265619
395.8377939268731,-61.62847533838977
395.3690791403952,-61.798186187664925
394.9003945754533,-61.967983954198026
394.4317397834215,-62.13786864766963
393.9631134758908,-62.30783672265537
393.4945158601144,-62.4778810410748
393.02594756213585,-62.64799343342015
392.5574089942558,-62.81816705016389
392.0888991153811,-62.988397199665414
391.62041521400414,-63.1586806989948
391.1519505163107,-63.329016421885065
390.6834950305772,-63.49940326815466
390.2150418724963,-63.66983619097062
389.74658600428353,-63.840304827180546
389.27812139097136,-64.0107916803954
388.8096435446749,-64.18127706863068
388.34114976991333,-64.35174812548344
387.8726363026026,-64.52219195570078
387.40409624097566,-64.69259245604488
386.93552129677994,-64.86292996045596
386.4668999457226,-65.03318060178309
385.9982231694297,-65.20332554024503
385.52948841755017,-65.37335558172619
385.0606942730041,-65.54326319454178
384.5918396072247,-65.7130398248106
384.122923221067,-65.8826762399267
383.65394396684053,-66.05216387775225
383.18490099552326,-66.22149629846594
382.7157938386119,-66.39067015331351
382.2466221937332,-66.55968524738772
381.7773853545212,-66.7285440534142
381.30808067017523,-66.89725109235852
380.8387067152001,-67.06581107696405
380.36926441108636,-67.23422898795413
379.8997552166013,-67.4025095031652
379.43018262584826,-67.57065561268202
378.9605520335509,-67.73867614700066
378.4908683486483,-67.90658221070903
378.0211341494792,-68.0743837981661
377.55135087981597,-68.24208834227613
377.0815178313327,-68.40970058247665
376.611633421466,-68.57722539889377
376.1417038575592,-68.74467375596899
375.6717357770926,-68.91205676130295
375.2017346388776,-69.07938269701968
374.7317044963659,-69.24665748377706
374.2616464681142,-69.4138862362288
373.7915598531871,-69.58107423965309
373.32144446131315,-69.74822714327604
372.8513014329213,-69.91535025940269
372.3811331391831,-70.08244800225441
371.91094500683914,-70.24952375299105
371.4407439032852,-70.41658115376411
370.97053521746176,-70.5836237602944
370.50032116133946,-70.75065460312602
370.0301014571968,-70.91767549761565
369.55987577378363,-71.08468986486007
369.08964444991165,-71.25170031396789
368.6194069319972,-71.41870607023138
368.14916159521385,-71.58570348318491
367.6789059385951,-71.752686824647
367.20863653002647,-71.91964930587743
366.7383522734444,-72.08658528612295
366.2680521088068,-72.25348925610906
365.7977347611523,-72.42035455964329
365.3273984012438,-72.58717354033986
364.85703983444955,-72.75393913103147
364.3866551033852,-72.92064532776406
363.91624055855226,-73.08728671767284
363.4457937197896,-73.25385852124745
362.97531351732886,-73.42035670795508
362.50480133892194,-73.5867777647778
362.0342599999499,-73.75311907492191
361.56369181381797,-73.91937927580788
361.09309801253926,-74.08555824137798
360.6224781628768,-74.25165819731485
360.15183001352426,-74.41768152717704
359.68115215899195,-74.5836293480476
359.2104452572975,-74.74950189454164
358.73971138039644,-74.91530023803762
358.2689537580499,-75.081027418011
357.79817808150636,-75.24668852529715
357.327385224815,-75.41228712521861
356.85657372758607,-75.5778255546509
356.3857418166829,-75.74330665684954
355.91488908543505,-75.90873419326353
355.44401795677675,-76.07411207135443
354.9731321721261,-76.23944371756582
354.50223542269407,-76.40473211231806
354.0313297174584,-76.56998050251228
353.56041525792784,-76.73519229859733
353.08948914867045,-76.90037160714387
352.61854623837746,-77.06552216302786
352.1475838656823,-77.23064619832454
351.67660234287,-77.39574546198455
351.20560394202005,-77.560824462216
350.73458695808614,-77.72588785107999
350.26354952261056,-77.89093448570472
349.7924896219062,-78.0559531769351
349.32140345924347,-78.22092231148193
348.85028566015654,-78.3858155857273
348.37913519699293,-78.55060469893853
347.9079394035934,-78.71525506165
347.43667761345773,-78.87972359567817
346.9653284444495,-79.04396515853391
346.4938736916081,-79.20793659104511
346.02229923643324,-79.37159832091487
345.55059414899563,-79.53491400418085
345.0787496522492,-79.69785131165395
344.60675775135604,-79.86038204342732
344.1346110546485,-80.02248268672844
343.6623027543662,-80.18413460503376
343.18982703089256,-80.3453243866696
342.7171800742996,-80.50604343825479
342.24436077313294,-80.66628808557829
341.7713722684777,-80.8260605072045
341.2982143869826,-80.98536968446632
340.8248878955078,-81.14422452250437
340.35139696523566,-81.30263312855217
339.8777497698681,-81.46060609664845
339.4039565312665,-81.61816016727182
338.93003537624134,-81.77531898378328
338.45599739893225,-81.93210556993863
337.98184274963006,-82.08853820145785
337.50757105680617,-82.2446356183315
337.03318496364705,-82.40041765044784
336.55868892842614,-82.55589891368483
336.0840859302244,-82.71108149510839
335.609376494836,-82.86595601282002
335.134557366534,-83.02050385677794
334.65962177078586,-83.17470200070015
334.1845594233744,-83.32852368376678
333.7093571179264,-83.48194003225083
333.23400248235413,-83.63492067693963
332.75848524200103,-83.78743577647728
332.2827980661965,-83.93945735083939
331.8069325111039,-84.09096291256328
331.3308808987321,-84.24193272544382
330.854638133563,-84.39234938899402
330.37820309161765,-84.54219786486412
329.9015767477179,-84.69146960623254
329.42476554492185,-84.84016586348666
328.94777704454947,-84.98829275685762
328.4706064191848,-85.13584518416774
327.99324398876684,-85.28280483240685
327.5156789887705,-85.42914527891001
327.03790241469414,-85.57483706682603
326.5599086051307,-85.71984992274072
326.08169281638413,-85.86415154492666
325.603249796735,-86.00770894080178
325.124571884246,-86.15048994566615
324.64564968965,-86.29246490419794
324.16647067274545,-86.4336093096508
323.6870238172396,-86.57390503851704
323.20730219709117,-86.71333400212121
322.7272988403279,-86.8518660633198
322.24700417455654,-86.9894615951984
321.7664064525154,-87.12607410547558
321.2854949987762,-87.26165621761918
320.8042608755087,-87.39616057519525
320.32269642936234,-87.52954290387927
319.840795879304,-87.66176327723143
319.35855714106714,-87.79278829019844
318.8759737952017,-87.92258913829984
318.39303904914703,-88.05113879488246
317.9097436966403,-88.1783993091229
317.4260785135311,-88.3043246858583
316.9420342275312,-88.4288638048797
316.4576024375315,-88.55196675765795
315.9727760653001,-88.67358556282737
315.4875500024858,-88.79367644633456
315.0019207396498,-88.91220010724889
314.51588754263895,-89.02912432578768
314.02945196328716,-89.14442512903328
313.5426165957624,-89.25808554020958
313.05538249126437,-89.37008205054964
312.5677479295765,-89.48038537059755
312.0797092195881,-89.58896084071986
311.5912649887963,-89.69577432035993
311.10241711578055,-89.80079392927871
310.61316984000047,-89.90399383422951
310.1235295710866,-90.00535554106195
309.6335061513858,-90.10486659292258
309.14310213700173,-90.20251064758492
308.65231792348703,-90.29826976433871
308.1611552670928,-90.39212892377935
307.6696191131695,-90.48407683861511
307.17771486188803,-90.57410220324505
306.6854466647395,-90.66219082131073
306.1928174816269,-90.74832312103635
305.69982972908184,-90.83247066439775
305.20648607968843,-90.91459652859686
304.7127920788618,-90.9946621980285
304.21875595735366,-91.07262957899115
303.72438451788514,-91.14845801069856
303.22968156561075,-91.22210076348124
302.7346487719873,-91.29350540282634
302.23928839056356,-91.3626259667623
301.7436053282016,-91.4294292114267
301.24760625037084,-91.49388655086895
300.7512994939079,-91.5559631980843
300.25470356345465,-91.61563348492346
299.75782038828606,-91.67284467665105
299.26064303457747,-91.72753129565574
298.76316183317476,-91.77963623063476
298.26537519903013,-91.82911084772748
297.7673066230145,-91.87593272600228
297.2689774528742,-91.92009905169618
296.7704178985847,-91.96157861405482
296.2716509494585,-92.00032475870054
295.77269646408337,-92.03629166959972
295.2735690241409,-92.0694447378058
294.7742683886251,-92.09976754202448
294.27481475886833,-92.12724343170913
293.7752248730694,-92.151843829272
293.27551706955853,-92.173540358995
292.77571098257124,-92.1923119336298
292.2758149421871,-92.20814245210723
291.7758474650241,-92.22101699655906
291.2758240249433,-92.23091941631577
290.7757665398744,-92.23783313851256
290.2756941321761,-92.24174229659174
289.77562169083296,-92.24263267621602
289.2755748169928,-92.24047804535267
288.775570519257,-92.23525357302059
288.27562775056714,-92.22694454280932
287.7757609919294,-92.21554165716329
287.27598444067917,-92.20103930232709
286.77632018793764,-92.18342405193464
286.27678544114383,-92.16267761814707
285.7773985159678,-92.13878084562202
285.2781776831199,-92.11171441931059
284.77914178627503,-92.0814606342399
284.28031580218675,-92.04799851180876
283.78172897898787,-92.01130918870648
283.28341111918377,-91.97138114111877
282.7853862209899,-91.92820659871569
282.2876743177958,-91.88177234216218
281.790289880018,-91.8320567582453
281.29325017255707,-91.77904491266756
280.79657783275866,-91.7227273399661
280.30030117258923,-91.66309382838583
279.80445205164,-91.60012534813477
279.3090727430551,-91.53379326492508
278.81419559801856,-91.46407146587048
278.31983751472706,-91.39094926275081
277.8260115684206,-91.31442210828673
277.33273484299866,-91.23447944006949
276.84003465106167,-91.1511097830312
276.3479442342885,-91.06430385813488
275.85649707897437,-90.97404537047039
275.36573188493674,-90.88030788028064
274.87568211365874,-90.78305222932585
274.3863747298127,-90.68224408861207
273.8978259701484,-90.57786156580525
273.4100519808945,-90.46989541743228
272.9230814737932,-90.35833597529935
272.4369458108747,-90.24316320206428
271.95168171139056,-90.12434353158856
271.4673149473736,-90.00183467262441
270.9838784007999,-89.87560073619247
270.50141975312795,-89.7456096047859
270.01998884772496,-89.61184572591704
269.53962920095734,-89.47430662153567
269.0603949790188,-89.33298561257631
268.5823302097239,-89.18786755933273
268.10545886539467,-89.03893296445037
267.62980351689157,-88.8861607764991
267.15539633982877,-88.72952255935677
266.6822838630998,-88.56897633703056
266.2105266621076,-88.4044736520987
265.740176459763,-88.23598265931635
265.2713535929061,-88.06353061252877
264.80485798010784,-87.88747099779735
264.3421837543273,-87.708457960325
263.8841795648748,-87.52679415333557
263.43094832838875,-87.34244727987118
262.9827592811795,-87.15552911102752
262.53987980780187,-86.96618434109293
262.10235333053924,-86.7744390447399
261.67018562941007,-86.58034338245405
261.2432931824496,-86.38395648049928
260.82126320866416,-86.18519570727138
260.40398760873455,-85.98415798966323
259.9915215734004,-85.7810023746895
259.5835943546003,-85.57569292828907
259.1797700251704,-85.36814320880056
258.7797704344111,-85.15838688109072
258.3833643011364,-84.94641888785998
257.9900734117652,-84.73198344546523
257.59922812891745,-84.5146649016059
257.2103437757138,-84.2941927118072
256.82314653312386,-84.07045796842014
256.43740579193485,-83.84336494950244
256.05295816043133,-83.61282839237035
255.66976341546817,-83.3787771241281
255.28768611631344,-83.14112519895514
254.90592168426085,-82.89935186003954
254.52317898644992,-82.6526454391309
254.13879064807324,-82.40067230781986
253.75276460330502,-82.14350359971951
253.3650213664139,-81.88101444673421
252.97534113524023,-81.61299081711334
252.5836493331234,-81.33934081355986
252.18996174751265,-81.05998637506013
251.79440886185344,-80.77491085016145
251.39780280709087,-80.48464550237652
251.00133696678355,-80.19006989594077
250.60590609437034,-79.89186734030255
250.21207599879088,-79.59041573945358
249.82023991213424,-79.28595659086777
249.43066846736204,-78.97867564963842
249.04351026910396,-78.66871599004041
248.65882979036454,-78.35620459324493
248.2766520792071,-78.0412748394189
247.89697452065707,-77.72404784354339
247.51977161675237,-77.40460524434542
247.1449986642698,-77.082996199452
246.77259649366204,-76.759249099933
246.40250188161406,-76.43337720868584
246.03465898932828,-76.10538615074057
245.66901738019325,-75.77528177573623
245.30553422042144,-75.44306544348133
244.944183419285,-75.1087289604176
244.5849209083469,-74.77227969957711
244.22769045393457,-74.43374662553163
243.87244061485313,-74.09317092916612
243.51912966651184,-73.7505949845698
243.16772846190563,-73.40604835919852
242.81823031832675,-73.059559359524
242.47060223757825,-72.71116626793147
242.12479715246573,-72.3608931214603
241.780783617549,-72.00875733439396
241.43854256056525,-71.65477690356704
241.0980607772508,-71.29896961566139
240.75932636169225,-70.94135505602996
240.42232708971804,-70.58195534205504
240.0870454929595,-70.2207960832023
239.75346538712645,-69.85790177530896
239.42156975135867,-69.49329917329639
239.09134251727482,-69.12701542562264
238.76276921601078,-68.75907602481111
238.43583608278274,-68.38951024580926
238.11052642433216,-68.01834964342109
237.78683011952126,-67.64561988641623
237.46473767516227,-67.27134625908855
237.14423814738507,-66.89555262117028
236.82531889905763,-66.51826153948754
236.50796506850472,-66.13949675341496
236.19215741708894,-65.75928456329268
235.877876819539,-65.3776522572946
235.56510159664214,-64.99463269910129
235.25380718850198,-64.61026102154143
234.94397333965907,-64.2245673226385
234.6355849736035,-63.83757519839857
234.32862825137477,-63.44930556042885
234.02309033384105,-63.059777533825304
233.71896032734435,-62.66901179173032
233.4162254181708,-62.27703133640403
233.1148762555462,-61.88385627183331
232.81490088099142,-61.48950689513556
232.51628196573506,-61.09400507229527
232.21899820592694,-60.69737281838095
231.92303494821147,-60.29962991207906
231.62838478399706,-59.90078913841626
231.33504868206452,-59.500860427942314
231.0430291093599,-59.099854142960915
230.75232789831665,-58.69778008500325
230.46294569708425,-58.294647716041055
230.1748837869644,-57.89046707211749
229.88813576582143,-57.48524789077926
229.6026931646426,-57.079000715380836
229.31854662145494,-56.67174019850843
229.03568918224994,-56.26348320429045
228.75411896005468,-55.85424376816384
228.47383503225177,-55.444043247760156
228.1948382587838,-55.03289420389153
227.91713540248162,-54.620793426169264
227.64073250368705,-54.20773641632536
227.36563002742045,-53.793725029393414
227.09182310408562,-53.37876923254389
226.81930357200292,-52.96288377236965
226.54805686637468,-52.5460877881686
226.27806636615458,-52.12840019850285
226.00932456169176,-51.709832321601695
225.74183116118033,-51.29039058935163
225.47559073811993,-50.87007603037832
225.21060865295738,-50.44889313694662
224.94688615921766,-50.02685019391473
224.68441893273643,-49.60395892505445
224.42320116353415,-49.180234467407026
224.16321456407383,-48.75569221904742
223.9044338766457,-48.330348408334004
223.64683921037286,-47.904219051566194
223.39042467565343,-47.47731713733623
223.13518723459632,-47.049654707326106
222.88112407413047,-46.62124988431622
222.62822456999373,-46.192124596831796
222.37648299551927,-45.762281067584944
222.1258946052411,-45.331717860937566
221.87645196413698,-44.900437682135
221.6281395162013,-44.46845189297148
221.38093446114684,-44.03577946095073
221.13480661883122,-43.60244457148955
220.88972305910045,-43.16847246411663
220.64565554736387,-42.7338848563616
220.4025853000002,-42.29869676658335
220.16049653173943,-41.86291853172917
219.91936958210624,-41.42656292249775
219.67918032269202,-40.98964589339846
219.43990773706952,-40.55217879911966
219.20154259137036,-40.11417575733251
218.96408249874517,-39.675649191094
218.72751961580488,-39.23661039692708
218.49184260087205,-38.79705966821134
218.25704250084377,-38.35699544508047
218.023109340913,-37.9164131666503
217.79002986237444,-37.475304839651855
217.5577836702433,-37.03369686179323
217.32634584307132,-36.591615015517064
217.09569958739925,-36.14907906513542
216.86583374154267,-35.70610248440942
216.63673930791234,-35.262694821151534
216.4084058000949,-34.81886472833603
216.18082346506367,-34.37462992671163
215.9539871766738,-33.93000509187442
215.72789431483056,-33.48499028244694
215.5025398514737,-33.03957699137669
215.2779172809317,-32.59376002707612
215.05401833554177,-32.1475410283796
214.83082936705594,-31.700920352532766
214.60833423528106,-31.253924382936802
214.38651390664802,-30.80658006116469
214.1653450088661,-30.358907344068335
213.9448047669872,-29.91090130496436
213.7248783398227,-29.4625548625452
213.505554567817,-29.01384210239101
213.28681556922746,-28.564746743921617
213.06864334628125,-28.115305856974018
212.85102426091723,-27.66555300254005
212.63395573952286,-27.215521052206473
212.4174401825745,-26.765227785111936
212.20147766517005,-26.31466835844655
211.98606750601814,-25.86382798767442
211.77121208343772,-25.412698331074463
211.55691437755792,-24.961278522641773
211.3431741291829,-24.509570679971453
211.129988597915,-24.057581861343078
210.91735307813713,-23.605323170397135
210.70525987632868,-23.15280573211501
210.49369799000874,-22.70003352853596
210.28265217914932,-22.24701953742206
210.0721026726787,-21.79377923612002
209.86202859314196,-21.34032621992522
209.6524096137885,-20.886661233606
209.44322976542446,-20.432782189127614
209.23447665255972,-19.97868199230936
209.02612877504538,-19.524352153853336
208.81816139283916,-19.06981898433669
208.61055407348894,-18.61510731669208
208.40329498881079,-18.1602404230648
208.19637592189076,-17.70523361780412
207.9897871730544,-17.250090236275007
207.7835188947365,-16.79480716307086
207.5775640341871,-16.339383774681153
207.37191704787438,-15.883822297015897
207.16657256062663,-15.42812497747189
206.9615247724774,-14.972292805663233
206.75676664641523,-14.5163272869784
206.55229043642922,-14.06023122919405
206.34808861941363,-13.604005885230816
206.1441547812085,-13.147655666751723
205.9404773898583,-12.691191670772419
205.73704337339606,-12.234624032717688
205.53383993823616,-11.777955250444158
205.33085706076537,-11.321182927917551
205.1280887144747,-10.864304485933548
204.92552643495537,-10.407309043915332
204.72315375742903,-9.950208710659606
204.52095389195023,-9.493019867530624
204.31891332051862,-9.03575855404981
204.11702155612147,-8.578438028535562
203.91526804653284,-8.121064353457205
203.71364316440784,-7.663637413180736
203.5121398353697,-7.206156660209865
203.31075324090415,-6.748623463229971
203.10947955029638,-6.291039623711485
202.9083161056795,-5.833406553188548
202.70726120499657,-5.375725771577463
202.50631371701706,-4.917998777055652
202.30547283533357,-4.4602259083550475
202.1047397848401,-4.002406295503919
201.90411397796115,-3.5445417054626662
201.70359334382928,-3.0866340136914303
201.50317540758127,-2.628683759455487
201.30285789528597,-2.170689884607677
201.10264003967785,-1.712651317078604
200.90252213502836,-1.254562883381816
200.70250058579077,-0.7964264672223379
200.5025701142128,-0.3382474079848271
200.30272553941924,0.11996870650204194
200.10296307414737,0.5782171482572488
199.90327907436918,1.0364955009839119
199.70366956204586,1.4948029599330628
199.5041306230308,1.9531387086953491
199.30465813524597,2.411501497852487
199.105247493554,2.869889749381074
198.90589381733167,3.328301539003934
198.70659215293583,3.7867348539983503
198.50733789578888,4.245187733010876
198.3081269663037,4.703658384680865
198.10895492502826,5.162144533625865
197.90981604837287,5.620644170129221
197.71070189166866,6.0791539825902134
197.51160113631366,6.537669136655013
197.3124993801507,6.996183057558835
197.11337963912914,7.454687823697813
196.9142217112947,7.913172872055124
196.71500597331294,8.371629250809383
196.5157148471038,8.830050324080753
196.3163317102127,9.288430024374595
196.11684048938892,9.746761768845499
195.91722628576187,10.205038781615022
195.7174759510947,10.66325571068453
195.5175786141114,11.121408741570852
195.31752566089585,11.579494700495692
195.1173106321155,12.037510627002103
194.91692889209548,12.495453322931372
194.71637856884743,12.953318864029814
194.51566060108675,13.411104489515917
194.31477705449365,13.868809154141026
194.1137286774466,14.32643306311046
193.912513267945,14.783976718684515
193.71113717961748,15.241443878103647
193.50961132812637,15.698839636539391
193.30794581556205,16.15616861360097
193.10614819790518,16.61343404083839
192.90422214483758,17.070636751776302
192.70216853689027,17.527778971018133
192.4999992260268,17.984866451081306
192.29772864701778,18.4419057304916
192.09536827870642,18.89890224362351
191.8929263524444,19.355859284888357
191.6904092125143,19.812779728657933
191.48782213835372,20.269666720264443
191.28517058995413,20.726523563790575
191.08246071451404,21.183353135421413
190.87969899622186,21.64015782631259
190.67688780779062,22.096936603189608
190.47401511272366,22.553681333592433
190.27105509304187,23.010378556652956
190.06797024359204,23.467011486914323
189.86471045498564,23.923559131675507
189.66122890732362,24.37999997134778
189.45748348835207,24.83631390744503
189.25342791808274,25.29248007426457
189.0490133270751,25.748478251998677
188.84419067375026,26.20428767001101
188.6389063897325,26.659891102704236
188.43312481468718,27.115272781487494
188.22682433681547,27.570420837061448
188.01998923458106,28.02532445955414
187.8126068718736,28.47997404290876
187.60466667272632,28.93436283123598
187.39616188753254,29.388487407459408
187.18709185197935,29.84234736238958
186.97746298282476,30.295945480050882
186.76728764268745,30.74928754022933
186.55658185497322,31.202382242508488
186.3453632204441,31.65523988924927
186.1336516714168,32.10787080022127
185.9214692426422,32.560286106404455
185.70883429060737,33.01249524213087
185.4957715759769,33.46450475934012
185.28231626320127,33.916327173645904
185.06850130865118,34.36797833856461
184.85435191088266,34.81947469525915
184.6398889053425,35.27082973969676
184.42512249348178,35.722061064220554
184.21007633269932,36.173180631160136
183.99478781605544,36.62419839041843
183.7792891767203,37.07512271297727
183.56360579276372,37.525959123793406
183.3477566142426,37.976714252167135
183.1317567755438,38.427397669311475
182.91562130288423,38.878019326314075
182.69936589992463,39.32858798403304
182.48300557841355,39.77911147203706
182.2665539682208,40.2295965794019
182.05002331566655,40.680048987187014
181.83342490661872,41.1304735843149
181.61676801513877,41.58087478918348
181.40005446815516,42.0312552378111
181.18328307215776,42.48161086424053
180.9664561868845,42.931940012356236
180.74957329691696,43.38224231624432
180.53262590861547,43.83251803369846
180.31560252884134,44.28276469955246
180.09848646090276,44.732982711745294
179.8812644403566,45.183168907336594
179.66393477667262,45.633316704618515
179.44649597397955,46.083420184337236
179.22894481558615,46.5334710659896
179.0112753481996,46.9834627311178
178.79348038570524,47.43339391463812
178.57555320075554,47.88326590497757
178.3574893574271,48.33307873941584
178.1392870031905,48.782832044748396
177.92094650033246,49.23252483664051
177.7024718499573,49.68215295051888
177.483869153792,50.1317122548658
177.2651442352779,50.58120084892619
177.04630050797496,51.0306208904451
176.82733987070222,51.47997444896915
176.60826806803595,51.92926565338869
176.38909280825908,52.378498306350636
176.1698195683981,52.827676677066854
175.95045250124193,53.27680430088825
175.7309937722785,53.72588636760985
175.51144532578292,54.17492739341051
175.29181693947962,54.623928654058005
175.0721184072721,55.072891825943024
174.85235796591667,55.52181721233347
174.63254146289012,55.97070556506556
174.41267260927685,56.41955965922662
174.1927543751666,56.86838317045099
173.97279025789922,57.31717913493624
173.7527841734693,57.76594991734697
173.53274001430557,58.21469752592055
173.31266160916783,58.66342322445705
173.09255251069635,59.112127847167926
172.87241579372542,59.56081242387986
172.65225360603438,60.009478998541645
172.43206709148387,60.45812769353075
172.21185943042755,60.906759268696945
171.9916347391944,61.35537524275034
171.77139486650083,61.8039778829518
171.55113965241523,62.25256890166639
171.3308678132308,62.701150700951096
171.11057633738267,63.14972628923027
170.89026847522422,63.598294734200664
170.66994828017897,64.04685547722681
170.4496187606372,64.49540674682292
170.22927813065502,64.94394497470414
170.0089165030655,65.39246548153059
169.78851798161796,65.84096274123237
169.56806328763332,66.28942937505663
169.3475320987464,66.73785625593187
169.12690358631323,67.1862329471308
168.90615732147828,67.63454690244603
168.68527289535194,68.08278445327666
168.46423005639227,68.53093290939313
168.2430088003061,68.97898264208038
168.02158973681716,69.4269251033461
167.79995699530033,69.87475201378749
167.57809873432132,70.3224569043005
167.35600531245126,70.77003634764581
167.13366959217515,71.21748895434447
166.91108648515583,71.66481418842856
166.68824910874795,72.1120151532867
166.46515842476785,72.55909008372672
166.24181975890917,73.00603839718892
166.01824066337988,73.45285981350189
165.7944294961113,73.89955441549209
165.57039415219052,74.34612531769592
165.34614197110702,74.79257840857068
165.12168118258063,75.238920288674
164.89702172868866,75.68515696489305
164.67217426995566,76.13129383065976
164.44715028010813,76.57733456608413
164.22196328872764,77.02328135982941
163.99662703081643,77.4691369522184
163.77115367601036,77.91490560434063
163.54555284795995,78.36059328023366
163.31983371068725,78.80620586352079
163.0940066632399,79.2517494199259
162.86808146799933,79.69722950783333
162.6420661979299,80.14265125183486
162.4159679760242,80.58801878627375
162.1897917429614,81.03333693393691
161.9635447114591,81.47860924812133
161.73723581912765,81.92383888888476
161.51087286246158,82.36902846084462
161.28446220508656,82.81418069246527
161.05800885941542,83.25929863496106
160.83151689333982,83.70438502045158
160.60499058653804,84.14944209984739
160.37843393872987,84.59447219039373
160.1518491693892,85.03947744631822
159.92523348615663,85.48445953111158
159.69857817642776,85.9294201966158
159.47187160933973,86.3743576034428
159.24510166411787,86.81926726305471
159.01825531818866,87.26414373743371
158.79131936704562,87.7089790606197
158.564281430038,88.15376520396053
158.33712882668286,88.59849480983928
158.10984827345573,89.04316220334915
157.88242734288434,89.4877620832949
157.65485322290326,89.9322910039843
157.42711458374396,90.37674499098779
157.19920484014276,90.82111884954183
156.97112015078113,91.26540872773917
156.74285862439294,91.70961155078844
156.51441937690873,92.1537260225295
156.28580220256723,92.59775222442113
156.05700790493154,93.04169073822115
155.82803878699852,93.48554260407343
155.59889841731186,93.92931002814274
155.369591107717,94.37299669034141
155.14012054759468,94.81660887715415
154.91049085025654,95.2601522785704
154.68070753670509,95.7036311454411
154.4507768900065,96.14704956067929
154.22070616705946,96.59041021254893
153.99050396076248,97.03371547847266
153.76017894681976,97.47696831725806
153.5297382727816,97.9201731571004
153.29918799405908,98.3633341644565
153.068531889666,98.80645509479386
152.83776323061255,99.24953438239724
152.60686440447515,99.69256097524331
152.3758068507819,100.13551823802597
152.14455448611463,100.57838532658651
151.91306637590012,101.02113971213143
151.68129750042505,101.46375768836285
151.44920066230773,101.90621449295227
151.2167285706736,102.34848508521704
150.98383619002897,102.79054561365623
150.75048225874687,103.23237418414159
150.5166305153719,103.67395171810949
150.2822500572667,104.11526172649273
150.04731602781553,104.55629047801656
149.81181013522917,104.99702698298259
149.57572064159422,105.43746370240679
149.3390419649501,105.87759674544431
149.1017738464166,106.31742496021695
148.86392090140026,106.75694922558239
148.62549236165026,107.19617294262028
148.38650248755232,107.63510202794664
148.14697010524716,108.07374418658726
147.9069080202868,108.51210586589794
147.66630963934705,108.9501831234907
147.42515211548908,109.38796298744484
147.18340027932874,109.82542577171368
146.94101348675576,110.2625483076056
146.69794609904704,110.69930351274405
146.45415013346533,111.13566223212001
146.2095750781062,111.57159414336742
145.96417156156662,112.00706987920813
145.71789340640677,112.44206253012506
145.4707012275007,112.87654915131137
145.2225634036958,113.31051044635738
144.97345762923774,113.74393090457278
144.72337012675993,114.1767992708333
144.4722954085781,114.60911009184002
144.22022257964164,115.04085450644934
143.9671197122107,115.47200988683488
143.7129392249888,115.90254375591906
143.45762409190132,116.33241751780461
143.20111688342217,116.7615894718819
142.94335642019533,117.19001919449117
142.68428170615246,117.6176664529381
142.42383276969696,118.04449127424067
142.16195682456993,118.47045728168825
141.8986109929381,118.89553197882002
141.63375386552943,119.31968185171745
141.36732289258043,119.74285944487865
141.09923822756306,120.16500615585413
140.82940778630976,120.5860548098615
140.55773552989993,121.00593531344241
140.2841248881557,121.42457619832238
140.0084926164649,121.84191171798497
139.73077352559494,122.2578849793754
139.45092046150285,122.67244885064203
139.16889842316206,123.08556389888142
138.8846783279525,123.49719419464901
138.59821073359532,123.90728873705167
138.30942448534805,124.31577966745267
138.01823624590475,124.7225881648774
137.7245690546695,125.1276359165633
137.428356319941,125.53085043910055
137.12954460849133,125.93216703761398
136.828088669535,126.3315256950961
136.52395223159075,126.72887225880602
136.21710866297911,127.1241586809046
135.90754140502844,127.51734308490923
135.5952261850683,127.90837609228564
135.28011900928485,128.29719103340724
134.962165069846,128.6837100849658
134.64131862884398,129.0678602910757
134.31754542944424,129.44957656602122
133.9908041909642,129.82878559740465
133.66104549334338,130.20540430335143
133.32821732219767,130.57934476379398
132.99227185064413,130.9505186510003
132.65316894342962,131.31884155420468
132.3108802393304,131.68422084810715
131.96577898183796,132.04620065677707
131.61944548734226,132.40321978157252
131.27338201917462,132.75370927741528
130.92772143907882,133.09736501462768
130.58249726834515,133.43418247790063
130.23847976947775,133.76368271024472
129.8963760656699,134.08542797779265
129.5558919669755,134.39979459611286
129.21690423668025,134.70707030580633
128.87986358339407,135.0070955936761
128.54504011455595,135.29977698182282
128.21228712366172,135.58529793913186
127.88153069027481,135.86383745673768
127.55292432872687,136.13545395791857
127.22657984488677,136.40025143127176
126.90248305264407,136.6584312118663
126.58066272205647,136.91017355650555
126.26123758361196,137.15559318116618
125.944286478026,137.39481265325844
125.62981503800741,137.62800114489815
125.3178427090004,137.85532240742862
125.00844615472104,138.07689263511077
124.7017060855609,138.29280700054886
124.39764901100757,138.50317452867813
124.09627106676486,138.70810353620337
123.79757282841092,138.90766383481045
123.50156545649855,139.10188986108594
123.20827472737705,139.29080482415867
122.9177194150626,139.474443689614
122.62988868449177,139.65284440304413
122.34478562571454,139.82603456187545
122.0624408957947,139.99409006461926
121.78288664583023,140.15714449377197
121.5061340213189,140.31535080493586
121.23198830660485,140.4689475458735
120.96040212684643,140.61808728027475
120.69159336886437,140.7627958155112
120.42548237254533,140.90322584701957
120.161885818021,141.0395574041071
119.90088480477999,141.1718183536029
119.64259157476694,141.29995633236516
119.38691933150434,141.4239188937392
119.1337883193383,141.5436115012931
118.88325332820115,141.6589266245925
118.63535419092999,141.76982219263334
118.39008114855486,141.87627022840087
118.14749348429353,141.9782432367526
117.90768722814795,142.07578621360628
117.6707058041965,142.16900846055873
117.43659047250266,142.2579878044903
117.20541519532614,142.342734970393
116.9771958581237,142.4232438231887
116.75188346763451,142.49954411499655
116.52947704271303,142.5716822130819
116.3100351044461,142.6396931209079
116.09358727809565,142.70359567247942
115.88015241883146,142.76341913441277
115.66983211885311,142.8192416503746
115.46280433804974,142.87126155745716
115.25924346451747,142.919883220532
115.0593099734042,142.96558308705448
114.86315731941627,143.0086628767041
114.67084318966792,143.04911319691033
114.48204457153771,143.0867507053189
114.29544755804672,143.12148809927717
114.10941147473396,143.15336591022748
113.92327951137402,143.18257176072254
113.7369379101459,143.2093111684919
113.54999248499145,143.2336208428107
113.36211865911957,143.25534646003013
113.17319121927284,143.27426680899458
112.98284364924115,143.29026316703164
112.7906834959338,143.30337991077394
112.59668268802756,143.31380441494417
112.40091679009258,143.3217283510664
112.20330079833336,143.32719986800868
112.00379404739064,143.3301087761311
111.80252027894261,143.33028486657125
111.59958920069273,143.32759407175166
111.39503713955331,143.32197112211844
111.18897416860345,143.3134037075534
110.98157360458775,143.3018695893352
110.77295533739574,143.2873195275563
110.56292434305892,143.26965840457197
110.35047044910877,143.24871440907705
110.13452556063922,143.22432198846042
109.91499151784039,143.1963795509063
109.69203855952594,143.16474829686027
109.4653630912281,143.12918994491397
109.23473737001983,143.0894858662205
109.00028298255154,143.04550374899208
108.76204035659319,142.9971097514598
108.51988776897406,142.9441359580145
108.2738556648554,142.88644040213217
108.02410081869432,142.82386211542646
107.77070675664763,142.75615120321382
107.51373054719141,142.68308988772543
107.25332891443024,142.60460621657475
106.98965431239456,142.520710508731
106.7227712157831,142.4313874778599
106.45276077493163,142.33657812983623
106.17976987742867,142.23619210989227
105.90389470677606,142.13010078476955
105.6251457559724,142.0182469840511
105.3435591394225,141.90072610169292
105.05918961333016,141.77764490055267
104.77208268610751,141.64904114450215
104.48234321855782,141.51489602534465
104.1901226778524,141.37519372388394
103.89553291754984,141.229953339983
103.59866315034135,141.0792409649149
103.29964082019009,140.92316802207696
102.99858787756968,140.76182677807594
102.69553209042515,140.59532491268894
102.39048014873956,140.4237091091894
102.08343480658469,140.2470374471219
101.77438053585507,140.06536525925821
101.46329393159796,139.8787193031402
101.15017676966447,139.68710309905146
100.83507020280281,139.490523286016
100.51802609020449,139.28902255141676
100.19908616097601,139.0826574877417
99.87826178027886,138.87150031276428
99.55553185137587,138.65558799430622
99.23087490716095,138.43491555993643
98.90428987154283,138.20948118877953
98.57577007934391,137.9793140534624
98.24527198495673,137.7444610579416
97.91278990295395,137.50492578931417
97.5783783021262,137.26070306779275
97.24213261386053,137.01182635462524
96.90411381816467,136.75834513927205
96.56433958554474,136.50029270021398
96.22285577583438,136.23770880922
95.87973330676697,135.9706131439584
95.53502469146473,135.6989666214549
95.1887631664425,135.42272113674412
94.84098406260931,135.14186382087752
94.49171818120908,134.85640604995226
94.14099004372984,134.56636319996124
93.78882008448382,134.27172617396107
93.43522693565022,133.9724628388898
93.08024162884458,133.66852667306543
92.72388151994656,133.35987872169116
92.36616812744843,133.04648262778286
92.00712492137485,132.7282750566621
91.64677184694122,132.40517514153055
91.28512756135412,132.07711672485658
90.92221036710467,131.7440565226695
90.5580419333323,131.40598630801117
90.19306098765121,131.06330228797523
89.8284309579986,130.71709066663385
89.46529827991667,130.36843341586055
89.10426775535255,130.01784482288124
88.7456176649119,129.6655485167474
88.38959421439714,129.31183038866354
88.03634574842219,128.9569187848878
87.68585543041677,128.60087132480785
87.33806399330773,128.24372250761044
86.99294297626346,127.88556592633917
86.65043963409612,127.52644151953112
86.3104535813626,127.16631583015645
85.97287943648367,126.80514556037195
85.63763529558595,126.44290029996905
85.30463438213185,126.07954511922301
84.97377443972768,125.7150445082583
84.64496296812264,125.34936902715945
84.31812655830731,124.98248898556406
83.99319090619166,124.61437772360286
83.67007604624753,124.2450138747603
83.34871108945575,123.87438955504712
83.02904543808108,123.50250568909661
82.71103458182624,123.12936892534078
82.39462182431366,122.75500379912081
82.07971309205442,122.3794561232433
81.7662156086334,122.0027603099906
81.45407626946674,121.62492919000786
81.14327667100159,121.24596317100684
80.83380730108836,120.86586337401096
80.52565269928104,120.48464181366508
80.21878255352875,120.10234171867327
79.91315205581466,119.71899127721126
79.60871951284615,119.33460111990746
79.30544411593776,118.94916980982163
79.00328815169051,118.56270442107072
78.70221722310197,118.17523181758459
78.40220278902288,117.78678468113279
78.10322270112367,117.39739286355686
77.80525144694185,117.00708203977663
77.50825255709688,116.61587364657052
77.21217667001443,116.2237771223548
76.91697344643354,115.83079223579237
76.6226005346766,115.43692811835533
76.32902034231275,115.04220795226094
76.03620138268045,114.64667106200271
75.7441020627403,114.25036924359476
75.45265229822688,113.85332078517385
75.16180194656152,113.45553987229663
74.87153467457681,113.05705943208248
74.58184704790979,112.65792268505695
74.29272546390234,112.25817757221351
74.00416037671202,111.85793561848052
73.71610878694729,111.4572273289213
73.42852558725119,111.05602707933274
73.14136232554469,110.65430820281206
72.85457789142126,110.25207201586413
72.56813686660263,109.84934261788891
72.28200894058754,109.44615836472668
71.996169318877,109.04256265320377
71.71060229409163,108.63859497601199
71.42528801051466,108.23428201902794
71.14019800090453,107.82964046619392
70.85529368885915,107.42467794308519
70.57052905008202,107.01938760579392
70.28586820122379,106.61377330630124
70.00128566248806,106.20785521549482
69.71675492239808,105.80168177388856
69.43221078775377,105.39524637917023
69.14762010441599,104.98853313828536
68.86299549759558,104.58155626274889
68.5783706745334,104.17435927951728
68.29375968060177,103.76698820145646
68.00918025251963,103.35956585934508
67.72461918433845,102.95213484633888
67.44004356938798,102.54463629610858
67.15541822943979,102.13700400001005
66.8707210717807,101.72921202131371
66.58593940442704,101.32127249976799
66.30104929975153,100.9131919870798
66.01601964458737,100.50495960235182
65.73083284702177,100.09657134687332
65.44548962745209,99.68804155738036
65.16000700294163,99.27940107159453
64.87443060856793,98.8707182841932
64.58880509461433,98.46206110343626
64.3031571045649,98.05347213360271
64.01748566840801,97.64495398713149
63.731770866086165,97.23648378469048
63.4459969264918,96.82804834634477
63.16016154991383,96.41964952030676
62.87426615978745,96.0112917365881
62.58831270321557,95.60297976105352
62.30230379441687,95.1947174538686
62.01624178842717,94.78650744675116
61.73012743213497,94.37835354505194
61.44395950612289,93.97025788612135
61.157737360081754,93.5622225678789
60.87146075302123,93.15424845354313
60.58512788620651,92.74633179530058
60.29873618657517,92.33846761787636
60.012284318230705,91.93065241363229
59.72577309172949,91.52288539390086
59.439205768265495,91.11516953457806
59.15258919281851,90.70751496719582
58.865930505539936,90.2999332340608
58.579234727245,89.89243177213804
58.29250145817483,89.48500349297622
58.00573978445836,89.07764343128258
57.71894713710187,88.67035858380761
57.4321169822481,88.26316124012307
57.14524070954142,87.85604596455802
56.858314897048764,87.44899655301246
56.57133577362532,87.0419889339389
56.284291638607144,86.63498352826325
55.99718876609977,86.2280027123294
55.71003149207891,85.82107099129587
55.42283078299099,85.4142118942685
55.13559427607452,85.00743522484618
54.84832293997426,84.60073826797768
54.56101422381827,84.19411405743948
54.27366849190607,83.78756256507492
53.98628384169461,83.38108128254481
53.698853858940566,82.97465941160966
53.411354580288396,82.56825797434617
53.123758877844494,82.16183007207546
52.83605576249463,81.75535250525715
52.54824403653785,81.34881829127075
52.26032975211017,80.94223024761165
51.97232015136505,80.53559776361375
51.68422029511704,80.12893050576254
51.39603054410428,79.7222312967052
51.10774856511571,79.31549574334198
50.819373448361134,78.90871662445687
50.530903287618116,78.5018813029648
50.242339978336325,78.09499269046944
49.95368488358073,77.6880580546497
49.664940739251406,77.28108475386594
49.37611395193517,76.87408233462271
49.08720771049611,76.46705289691208
48.79821977289547,76.05998944826223
48.509146763355915,75.65288310192018
48.219988236304644,75.2457299358829
47.930746753067226,74.83853222317765
47.641431758369826,74.43130466496359
47.35205784389957,74.02407221031717
47.06263636907162,73.6168558426834
46.773172055018804,73.20966534416256
46.48366306247647,72.8024950406279
46.194106700913984,72.39534079301643
45.90449993632183,71.98820524547129
45.61484076453032,71.58109015523593
45.325127001391294,71.17399044309396
45.03535982647221,70.76690225152164
44.745535875312434,70.3598106871581
44.455655394098905,69.95271736535005
44.16571965078892,69.54563382006434
43.87573121175903,69.13857081516936
43.5856965799762,68.73153940474963
43.29561975310651,68.32454225988653
43.00549829634135,67.91757057145367
42.71532806707481,67.51061274607639
42.425107736552604,67.10366200707462
42.13483828608963,66.69671677510267
41.84452524474137,66.28978518912406
41.554181256206085,65.88288924097036
41.26381755688117,65.47605008839477
40.97343993220253,65.06927964163518
40.683046925303174,64.66257073360208
40.392639460649924,64.25592137332873
40.102211137725085,63.84933468344031
39.81175678952214,63.442814813149
39.52127126592747,63.03635183621959
39.230755029997354,62.629934441386304
38.94020026444058,62.22353116044867
38.64960444573619,61.817133983658564
38.35897046130429,61.41076464988394
38.06830165461117,61.00444278243565
37.77760643756204,60.598185909190676
37.48688924951905,60.19200023792084
37.19614795351545,59.78587992051997
36.90537960360152,59.37981725234049
36.614583951533746,58.97380908202415
36.323760607985456,58.5678524025606
36.032906601252705,58.16193953771851
35.74201410962643,57.75605424326242
35.45107872386494,57.35018469436998
35.16009946886249,56.94432479157114
34.86907672180279,56.53846789750532
34.57801798181168,56.13261878134907
34.286925833692095,55.72678597321057
33.99579947457725,55.320973935195795
33.704634603334505,54.91517431196451
33.41343051772815,54.50937800546342
33.12218328511069,54.10356489006031
32.830891211020244,53.697725317948695
32.53955754975711,53.29187264535564
32.24818487968954,52.886019651543926
31.95677909400844,52.48017910453025
31.6653438293484,52.07435724765367
31.373878069509697,51.66855217727504
31.082379978403694,51.262759979643825
30.790849486579678,50.85697965704693
30.499286062677676,50.451210402229485
30.207687875288606,50.04544948312006
29.916050680454585,49.63969010839564
29.62437169477204,49.233927385125085
29.332650082939278,48.82815928394989
29.040886216495238,48.42238576273403
28.74908087259256,48.01660735230356
28.45723503007376,47.610824764781626
28.165349705626955,47.20503877395178
27.87342614413849,46.79924998575507
27.581465186913864,46.39345861165259
27.28946757925175,45.98766587545432
26.997433926921204,45.58187296252429
26.70536401891403,45.17607881331694
26.413258085150215,44.770282750180534
26.121117423573626,44.36448552943131
25.828944755217673,43.958688936381044
25.53674049567817,43.55288978743011
25.244502944927202,43.14708064172667
24.95223153571614,42.741254889126346
24.659928911651996,42.33541042031038
24.367600953780997,41.92955105427583
24.07526029073,41.523691828630895
23.782920405805232,41.11784931452512
23.490591122500827,40.71203478064602
23.198275497873475,40.30624946742328
22.90597131105562,39.90048565399506
22.61367647906118,39.49473616721564
22.321391908232837,39.088999163451085
22.029118791008532,38.683274133858006
21.736858441529147,38.27756039761934
21.444611958060275,37.87185718756517
21.152379682279285,37.466163279135
20.86016204971385,37.060479645326204
20.567959191353495,36.65480714720135
20.275771327628046,36.249146541232655
19.98359723116107,35.84349732885298
19.691435628274025,35.43785996762296
19.399286102092425,35.032236049136344
19.107148774952286,34.62662791454622
18.8150224818343,34.221036035319635
18.52290479942971,33.81545852860222
18.230789373947392,33.409886998747815
17.938668792288524,33.00431143618974
17.64653915388168,32.59872702440927
17.35440046206821,32.193135320309736
17.062250997597246,31.78753920946155
16.770086404265076,31.381934137874772
16.47790662203809,30.976316406511046
16.18571729430159,30.570687897848284
15.893523972941821,30.165053358913326
15.601328479867016,29.75942120459484
15.309133092012603,29.353810510939397
15.016933859541318,28.948216265060847
14.724727736351298,28.54262592431779
14.432511979793581,28.137028483946345
14.140284940511819,27.73141957477104
13.848046440703863,27.32580095480792
13.55579701864685,26.92017672639925
13.263537597238956,26.51455056330089
12.971268754121146,26.108924396704708
12.678990155874754,25.703297870277822
12.386699937015674,25.297667809291667
12.094395439079257,24.892029954931623
11.802075446771282,24.48638217164369
11.509740446566289,24.08072509378131
11.217390252077353,23.675062134895512
10.925020135649323,23.269388281389308
10.632630611191942,22.863697359956827
10.340235533685501,22.45798373453172
10.047857964903738,22.05224034656676
9.755522926223787,21.64645745937642
9.463259855638345,21.240635027619632
9.171094759081193,20.834753317985314
8.879054893805797,20.428779571905846
8.587168294592905,20.02268013705814
8.295464769357059,19.616430761067974
8.003973635071276,19.2100113369452
7.71271916415086,18.803399595484404
7.421719805851011,18.396574260731253
7.130992545319454,17.989520658270163
6.840554951077568,17.58223107894449
6.5504258083217595,17.174707488502882
6.260627061033798,16.766962784683372
5.97117526785473,16.35900968747024
5.682077151836264,15.950856633293055
5.393327951318087,15.542501632568369
5.10491781209285,15.133943045914403
4.816835388753427,14.72518547666683
4.529069626330417,14.316237802623705
4.241607722791565,13.907106749583422
3.954436755192795,13.497799577904836
3.667541697090887,13.088318584603343
3.3809069773253277,12.67867288850413
3.094517262029432,12.268878576958734
2.8083576986525487,11.858951636863555
2.5224148418654604,11.44890793852188
2.236674533292944,11.038759549751461
1.9511209968416583,10.628514230060796
1.6657383562566044,10.218178804287149
1.3805116315817352,9.807761288224814
1.0954268491157062,9.397270311851573
0.8104712673803536,8.986714499699652
0.5256337820961055,8.576103222107472
0.24090435637092297,8.165445544231899
-0.04372684756780289,7.754749373020224
-0.3282696837119496,7.344021890811744
-0.6127339324741137,6.93326841678685
-0.8971280716098389,6.522492844235718
-1.1814598463013728,6.111699126332792
-1.4657363866043136,5.700891890276289
-1.7499641341958068,5.290075636102048
-2.0341485180248196,4.879254948208271
-2.3182939891528194,4.468433669677258
-2.60240469745828,4.057613669702076
-2.8864847001734466,3.6467962815596553
-3.170539066858162,3.2359806126148984
-3.4545745462116,2.8251641905126768
-3.7385957170141095,2.4143518203007046
-4.022603259877448,2.0035536042030535
-4.306596334427369,1.5927788929131133
-4.590577032917511,1.1820287059512826
-4.874551570797214,0.7712929804229957
-5.158540306542671,0.3605376124792669
-5.442563456812205,-0.05026839138095314
-5.726629475283849,-0.4611376115961722
-6.0107382205220645,-0.8720670879683056
-6.294891636750727,-1.2830544466042497
-6.579089337465458,-1.6941036304462858
-6.863323837559147,-2.105216101439661
-7.147582940324513,-2.5163875923820784
-7.431858836948542,-2.9276138326467342
-7.71614945534375,-3.3388816354898356
-8.000450864613239,-3.750172954551708
-8.284763737849003,-4.161502435285178
-8.56908686298896,-4.572887822334709
-8.853417610910354,-4.9843395701274344
-9.137750116534862,-5.395856010502579
-9.422082841940298,-5.80744111847061
-9.70641980575218,-6.2191089854671535
-9.990763632478297,-6.630873442303041
-10.275110954812323,-7.042737040223934
-10.559453749257035,-7.454689630427761
-10.84377140767251,-7.866696191499621
-11.128038046595924,-8.27871571555901
-11.412235205929932,-8.690719408125378
-11.696358228928297,-9.10270217331184
-11.980412350975056,-9.514676561655955
-12.264408301136246,-9.926650699381387
-12.548351117373242,-10.338621381968071
-12.83224342727999,-10.750588450573773
-13.11608578487616,-11.162555510007463
-13.399877732113037,-11.574529191925594
-13.683623770913544,-11.986521857671676
-13.967325343994311,-12.398523269431552
-14.250983961802532,-12.810522949628304
-14.534596934312821,-13.222509803862017
-14.818160067778294,-13.63447611938618
-15.10167323388063,-14.046423862473697
-15.385140196172339,-14.458361721630943
-15.66856433100866,-14.870297007546132
-15.951947377614143,-15.282232574460629
-16.235289754883816,-15.694168145087545
-16.518587426095497,-16.10609466361991
-16.80183318460912,-16.5179978832271
-17.085021445757427,-16.929866663829042
-17.36815084534399,-17.34169967088236
-17.65122006939993,-17.753503493724477
-17.934233541842307,-18.165278558470977
-18.21719680702187,-18.577020803022656
-18.500114295247098,-18.988731316437185
-18.78298792591659,-19.400418241063857
-19.065816835899078,-19.812090625557115
-19.348606124295394,-20.223769592686313
-19.63135699099945,-20.63544622858145
-19.914070356304073,-21.047107850414164
-20.196743066933447,-21.45874267430475
-20.479372188791917,-21.870346576168505
-20.76195977431529,-22.281920809776917
-21.04450996005239,-22.693468277506366
-21.327023765355126,-23.104988164373182
-21.609502246281203,-23.516481203271766
-21.89194835328568,-23.927953472603797
-22.174372292445952,-24.33942636194587
-22.456792733380816,-24.750931911026626
-22.73922064526865,-25.162488478567678
-23.021659108809693,-25.574103116848452
-23.30410394636046,-25.985777830210726
-23.586548363072264,-26.39750620040514
-23.86898890721627,-26.809280938449806
-24.151424813457616,-27.221100441689863
-24.43385588476211,-27.632971174580845
-24.716278286594488,-28.044901308987995
-24.99868904860068,-28.456908178193338
-25.281084844528237,-28.868995406696783
-25.56346193075449,-29.28115716013501
-25.845816114062856,-29.69338789220275
-26.128138488869624,-30.10568045755805
-26.41042030951539,-30.518032383839497
-26.692659332742164,-30.930450947861285
-26.974856312850598,-31.342947978739083
-27.25701030563839,-31.755531297037106
-27.539118338717767,-32.16820211269205
-27.82117427086109,-32.58095122594823
-28.10316403890453,-32.99375534082128
-28.38507349336797,-33.406592486512935
-28.666893710591612,-33.81944875788507
-28.948623855713954,-34.23232814844088
-29.230267466906056,-34.6452377452732
-29.511831983842978,-35.058178381717134
-29.793321537219246,-35.47114608329554
-30.074739526921718,-35.884142494994265
-30.356086400488728,-36.29717021514058
-30.637363968263845,-36.710239622608746
-30.918576555254702,-37.12335369913953
-31.1997268605926,-37.53650110196448
-31.48081614142211,-37.94967196204483
-31.761842003307518,-38.362857867073814
-32.042803722957515,-38.77605656673243
-32.323703926488015,-39.18927011873323
-32.604545218214454,-39.6025007431015
-32.88532877179933,-40.01574847230828
-33.1660564901573,-40.42901390543313
-33.44673156929568,-40.8423003656063
-33.72736152265873,-41.25561809569887
-34.00795366138498,-41.668975154513
-34.28851184906827,-42.082374874978285
-34.569037052162166,-42.49581692142878
-34.849529519116594,-42.90930035608636
-35.12998880116694,-43.32282450859899
-35.4104134826678,-43.736388677621534
-35.69080148361438,-44.149992460030965
-35.971151819334644,-44.56363572932062
-36.25146493255804,-44.97731665780182
-36.53174127527944,-45.39103312038726
-36.81198152900775,-45.80478745361963
-37.092185499139966,-46.21858193752786
-37.37235311404199,-46.63241834840814
-37.65248491795044,-47.04629833109196
-37.932580342355294,-47.46022066129553
-38.212637374749264,-47.87418195431434
-38.492654152653714,-48.28817950372353
-38.77263064304764,-48.702213923489886
-39.05256797861793,-49.11628855691936
-39.33247147124032,-49.53041320492103
-39.61234789036834,-49.94459706814179
-39.892200366726605,-50.358843969053254
-40.172028864329874,-50.77315219433072
-40.451835115774045,-51.18751934154595
-40.73161907474871,-51.601947911974456
-41.01137671779789,-52.016440513497415
-41.291100016774976,-52.43099750909743
-41.57078221829785,-52.8456186032349
-41.85042095014416,-53.26029853723557
-42.13001421162357,-53.67502765829351
-42.40956011226298,-54.08981301996291
-42.68905565381549,-54.50466426472133
-42.96849796939409,-54.91958760567827
-43.247882912698714,-55.334580801219666
-43.5272096611512,-55.749644453568784
-43.80648207756044,-56.164785970499246
-44.08570431895298,-56.580013102621905
-44.36487621239974,-56.995326807552644
-44.64399328449754,-57.41072070897164
-44.92304133234132,-57.82617307486375
-45.20199954653508,-58.241657087480014
-45.48085151044153,-58.65715316963303
-45.75959103984871,-59.07265452986802
-46.038223904962464,-59.488169293596954
-46.316758241827166,-59.903707869083334
-46.59519748831324,-60.31927278783524
-46.87354226505254,-60.734862374819514
-47.151792413953814,-61.150474647454494
-47.42994753006915,-61.566107673786306
-47.708007141978015,-61.98175871233041
-47.985971409691814,-62.39742626405135
-48.26384150874429,-62.813110700881715
-48.541619061140636,-63.228812877854956
-48.819305391391914,-63.64453201059047
-49.096902351354046,-64.06026806568177
-49.374412566254684,-64.47602273542586
-49.65183869221751,-64.8917978633185
-49.92918224339094,-65.30759357807455
-50.20644340459045,-65.7234079541272
-50.48361959001514,-66.13923495051944
-50.76070513931996,-66.55506595408171
-51.037695252445246,-66.97089451684529
-51.314587962285025,-67.3867180357428
-51.591385026911,-67.80253881192014
-51.8680898822618,-68.21836102715486
-52.1447046160836,-68.63418677523306
-52.42122991660854,-69.05001626164987
-52.697666064170285,-69.46584960180779
-52.974013261285975,-69.88168661220496
-53.25027143041068,-70.29752683886203
-53.52644050210019,-70.71337012910388
-53.80252068041447,-71.1292170057142
-54.07851227866743,-71.54506830386859
-54.35441636504798,-71.96092728976916
-54.63023435465,-72.37679755525271
-54.90596703874767,-72.79268061259152
-55.181613459015146,-73.20857634938129
-55.45717305906731,-73.62448575966181
-55.73264688656951,-74.04041172882899
-56.00803926467211,-74.45636215831456
-56.283360170568336,-74.87235068218463
-56.558617337190974,-75.28838550905866
-56.83381424406483,-75.70446981456027
-57.108950358449626,-76.12060485394478
-57.38401996528295,-76.53679257750835
-57.659012167793186,-76.9530374613782
-57.9339120963013,-77.36934734351128
-58.20870256360874,-77.78573395671302
-58.48336501115206,-78.20221091110976
-58.75787932332813,-78.61879351632042
-59.03222457468974,-79.03549635667451
-59.30637967167205,-79.45233276021311
-59.580324135126205,-79.86931475902162
-59.8540387387042,-80.28645355788821
-60.12750652316998,-80.70375977675548
-60.40071237779859,-81.12124297150953
-60.67364358321772,-81.53891086466372
-60.94629053671916,-81.95676932540246
-61.218646949253234,-82.37482261090278
-61.49070971190004,-82.79307363514154
-61.76247956894975,-83.21152442113565
-62.03395933510006,-83.63017482504578
-62.30515281499591,-84.04902290641563
-62.576062251276205,-84.46806987175086
-62.84668928526892,-84.8873129860182
-63.11704420902095,-85.3067422256579
-63.38713925212108,-85.72634707172121
-63.65698607060677,-86.14612148128403
-63.92659410890252,-86.56606066469925
-64.19597075697531,-86.98616615258028
-64.46512614296792,-87.40643571136688
-64.73407495374505,-87.82685471699077
-65.0028308787999,-88.24740957554955
-65.271402752347,-88.66808732821612
-65.53979667269597,-89.08887676268087
-65.80802028128105,-89.50977184651988
-66.07608307615092,-89.93076953941332
-66.34399441517131,-90.3518660905567
-66.61176290535833,-90.7730560699557
-66.87939570424432,-91.1943317113783
-67.14689519266068,-91.61567956288313
-67.41426067910156,-92.03708610006316
-67.68149167100425,-92.45854119519821
-67.9485892257268,-92.88004283811388
-68.21555460156465,-93.30159555759532
-68.48239652066367,-93.72319818445708
-68.74912280507777,-94.14484593978347
-69.0157379647216,-94.56653696184745
-69.28224356811339,-94.98827098111852
-69.54863858578932,-95.41004948757312
-69.81492185495213,-95.83187569480847
-70.08109731513592,-96.25374482922089
-70.34716861869092,-96.67565248487041
-70.61313610620857,-97.09759561503363
-70.87899888246851,-97.51957736338102
-71.14475697123419,-97.94160299354394
-71.41040956328605,-98.3636762448125
-71.67595460705942,-98.78579901498955
-71.94139168690486,-99.20797348800815
